2024,"Tuesday - 11:59pmDecember 31, 2024",225,13
2024,"Tuesday - 8:00pmDecember 31, 2024",224,6
2024,"Tuesday - 5:00pmDecember 31, 2024",223,8
2024,"Tuesday - 1:00pmDecember 31, 2024",222,2
2024,"Tuesday - 9:00amDecember 31, 2024",221,10
2024,"Monday - 11:59pmDecember 30, 2024",220,8
2024,"Monday - 8:00pmDecember 30, 2024",219,11
2024,"Monday - 5:00pmDecember 30, 2024",218,11
2024,"Monday - 1:00pmDecember 30, 2024",217,7
2024,"Monday - 9:00amDecember 30, 2024",216,13
2024,"Sunday - 11:59pmDecember 29, 2024",215,13
2024,"Sunday - 8:00pmDecember 29, 2024",214,1
2024,"Sunday - 5:00pmDecember 29, 2024",213,10
2024,"Sunday - 1:00pmDecember 29, 2024",212,7
2024,"Sunday - 9:00amDecember 29, 2024",211,13
2024,"Saturday - 11:59pmDecember 28, 2024",210,8
2024,"Saturday - 8:00pmDecember 28, 2024",209,14
2024,"Saturday - 5:00pmDecember 28, 2024",208,3
2024,"Saturday - 1:00pmDecember 28, 2024",207,2
2024,"Saturday - 9:00amDecember 28, 2024",206,15
2024,"Friday - 11:59pmDecember 27, 2024",205,8
2024,"Friday - 8:00pmDecember 27, 2024",204,13
2024,"Friday - 5:00pmDecember 27, 2024",203,6
2024,"Friday - 1:00pmDecember 27, 2024",202,3
2024,"Friday - 9:00amDecember 27, 2024",201,11
2024,"Thursday - 11:59pmDecember 26, 2024",200,6
2024,"Thursday - 8:00pmDecember 26, 2024",199,4
2024,"Thursday - 5:00pmDecember 26, 2024",198,3
2024,"Thursday - 1:00pmDecember 26, 2024",197,10
2024,"Thursday - 9:00amDecember 26, 2024",196,5
2024,"Wednesday - 11:59pmDecember 25, 2024",195,13
2024,"Wednesday - 8:00pmDecember 25, 2024",194,6
2024,"Wednesday - 5:00pmDecember 25, 2024",193,15
2024,"Wednesday - 1:00pmDecember 25, 2024",192,15
2024,"Wednesday - 9:00amDecember 25, 2024",191,12
2024,"Tuesday - 11:59pmDecember 24, 2024",190,13
2024,"Tuesday - 8:00pmDecember 24, 2024",189,3
2024,"Tuesday - 5:00pmDecember 24, 2024",188,6
2024,"Tuesday - 1:00pmDecember 24, 2024",187,12
2024,"Tuesday - 9:00amDecember 24, 2024",186,11
2024,"Monday - 11:59pmDecember 23, 2024",185,14
2024,"Monday - 8:00pmDecember 23, 2024",184,2
2024,"Monday - 5:00pmDecember 23, 2024",183,8
2024,"Monday - 1:00pmDecember 23, 2024",182,3
2024,"Monday - 9:00amDecember 23, 2024",181,15
2024,"Sunday - 11:59pmDecember 22, 2024",180,7
2024,"Sunday - 8:00pmDecember 22, 2024",179,4
2024,"Sunday - 5:00pmDecember 22, 2024",178,8
2024,"Sunday - 1:00pmDecember 22, 2024",177,6
2024,"Sunday - 9:00amDecember 22, 2024",176,6
2024,"Saturday - 11:59pmDecember 21, 2024",175,10
2024,"Saturday - 8:00pmDecember 21, 2024",174,1
2024,"Saturday - 5:00pmDecember 21, 2024",173,4
2024,"Saturday - 1:00pmDecember 21, 2024",172,13
2024,"Saturday - 9:00amDecember 21, 2024",171,5
2024,"Friday - 11:59pmDecember 20, 2024",170,7
2024,"Friday - 8:00pmDecember 20, 2024",169,5
2024,"Friday - 5:00pmDecember 20, 2024",168,1
2024,"Friday - 1:00pmDecember 20, 2024",167,10
2024,"Friday - 9:00amDecember 20, 2024",166,4
2024,"Thursday - 11:59pmDecember 19, 2024",165,9
2024,"Thursday - 8:00pmDecember 19, 2024",164,8
2024,"Thursday - 5:00pmDecember 19, 2024",163,1
2024,"Thursday - 1:00pmDecember 19, 2024",162,13
2024,"Thursday - 9:00amDecember 19, 2024",161,6
2024,"Wednesday - 11:59pmDecember 18, 2024",160,11
2024,"Wednesday - 8:00pmDecember 18, 2024",159,6
2024,"Wednesday - 5:00pmDecember 18, 2024",158,12
2024,"Wednesday - 1:00pmDecember 18, 2024",157,7
2024,"Wednesday - 9:00amDecember 18, 2024",156,13
2024,"Tuesday - 11:59pmDecember 17, 2024",155,2
2024,"Tuesday - 8:00pmDecember 17, 2024",154,1
2024,"Tuesday - 5:00pmDecember 17, 2024",153,4
2024,"Tuesday - 1:00pmDecember 17, 2024",152,15
2024,"Tuesday - 9:00amDecember 17, 2024",151,7
2024,"Monday - 11:59pmDecember 16, 2024",150,6
2024,"Monday - 8:00pmDecember 16, 2024",149,15
2024,"Monday - 5:00pmDecember 16, 2024",148,4
2024,"Monday - 1:00pmDecember 16, 2024",147,8
2024,"Monday - 9:00amDecember 16, 2024",146,9
2024,"Sunday - 11:59pmDecember 15, 2024",145,7
2024,"Sunday - 8:00pmDecember 15, 2024",144,5
2024,"Sunday - 5:00pmDecember 15, 2024",143,10
2024,"Sunday - 1:00pmDecember 15, 2024",142,5
2024,"Sunday - 9:00amDecember 15, 2024",141,15
2024,"Saturday - 11:59pmDecember 14, 2024",140,13
2024,"Saturday - 8:00pmDecember 14, 2024",139,14
2024,"Saturday - 5:00pmDecember 14, 2024",138,1
2024,"Saturday - 1:00pmDecember 14, 2024",137,2
2024,"Saturday - 9:00amDecember 14, 2024",136,14
2024,"Friday - 11:59pmDecember 13, 2024",135,8
2024,"Friday - 8:00pmDecember 13, 2024",134,11
2024,"Friday - 5:00pmDecember 13, 2024",133,7
2024,"Friday - 1:00pmDecember 13, 2024",132,3
2024,"Friday - 9:00amDecember 13, 2024",131,1
2024,"Thursday - 11:59pmDecember 12, 2024",130,10
2024,"Thursday - 8:00pmDecember 12, 2024",129,1
2024,"Thursday - 5:00pmDecember 12, 2024",128,5
2024,"Thursday - 1:00pmDecember 12, 2024",127,14
2024,"Thursday - 9:00amDecember 12, 2024",126,2
2024,"Wednesday - 11:59pmDecember 11, 2024",125,7
2024,"Wednesday - 8:00pmDecember 11, 2024",124,5
2024,"Wednesday - 5:00pmDecember 11, 2024",123,4
2024,"Wednesday - 1:00pmDecember 11, 2024",122,12
2024,"Wednesday - 9:00amDecember 11, 2024",121,14
2024,"Tuesday - 11:59pmDecember 10, 2024",120,13
2024,"Tuesday - 8:00pmDecember 10, 2024",119,5
2024,"Tuesday - 5:00pmDecember 10, 2024",118,3
2024,"Tuesday - 1:00pmDecember 10, 2024",117,3
2024,"Tuesday - 9:00amDecember 10, 2024",116,11
2024,"Monday - 11:59pmDecember 9, 2024",115,13
2024,"Monday - 8:00pmDecember 9, 2024",114,13
2024,"Monday - 5:00pmDecember 9, 2024",113,7
2024,"Monday - 1:00pmDecember 9, 2024",112,5
2024,"Monday - 9:00amDecember 9, 2024",111,4
2024,"Sunday - 11:59pmDecember 8, 2024",110,9
2024,"Sunday - 8:00pmDecember 8, 2024",109,3
2024,"Sunday - 5:00pmDecember 8, 2024",108,6
2024,"Sunday - 1:00pmDecember 8, 2024",107,5
2024,"Sunday - 9:00amDecember 8, 2024",106,5
2024,"Saturday - 11:59pmDecember 7, 2024",105,5
2024,"Saturday - 8:00pmDecember 7, 2024",104,14
2024,"Saturday - 5:00pmDecember 7, 2024",103,8
2024,"Saturday - 1:00pmDecember 7, 2024",102,3
2024,"Saturday - 9:00amDecember 7, 2024",101,4
2024,"Friday - 11:59pmDecember 6, 2024",100,9
2024,"Friday - 8:00pmDecember 6, 2024",99,8
2024,"Friday - 5:00pmDecember 6, 2024",98,1
2024,"Friday - 1:00pmDecember 6, 2024",97,12
2024,"Friday - 9:00amDecember 6, 2024",96,9
2024,"Thursday - 11:59pmDecember 5, 2024",95,2
2024,"Thursday - 8:00pmDecember 5, 2024",94,5
2024,"Thursday - 5:00pmDecember 5, 2024",93,12
2024,"Thursday - 1:00pmDecember 5, 2024",92,14
2024,"Thursday - 9:00amDecember 5, 2024",91,8
2024,"Wednesday - 11:59pmDecember 4, 2024",90,6
2024,"Wednesday - 8:00pmDecember 4, 2024",89,12
2024,"Wednesday - 5:00pmDecember 4, 2024",88,1
2024,"Wednesday - 1:00pmDecember 4, 2024",87,14
2024,"Wednesday - 9:00amDecember 4, 2024",86,1
2024,"Tuesday - 11:59pmDecember 3, 2024",85,2
2024,"Tuesday - 8:00pmDecember 3, 2024",84,6
2024,"Tuesday - 5:00pmDecember 3, 2024",83,3
2024,"Tuesday - 1:00pmDecember 3, 2024",82,6
2024,"Tuesday - 9:00amDecember 3, 2024",81,6
2024,"Monday - 11:59pmDecember 2, 2024",80,2
2024,"Monday - 8:00pmDecember 2, 2024",79,1
2024,"Monday - 5:00pmDecember 2, 2024",78,12
2024,"Monday - 1:00pmDecember 2, 2024",77,6
2024,"Monday - 9:00amDecember 2, 2024",76,1
2024,"Sunday - 11:59pmDecember 1, 2024",75,5
2024,"Sunday - 8:00pmDecember 1, 2024",74,3
2024,"Sunday - 5:00pmDecember 1, 2024",73,9
2024,"Sunday - 1:00pmDecember 1, 2024",72,6
2024,"Sunday - 9:00amDecember 1, 2024",71,11
2024,"Saturday - 11:59pmNovember 30, 2024",70,8
2024,"Saturday - 8:00pmNovember 30, 2024",69,6
2024,"Saturday - 5:00pmNovember 30, 2024",68,9
2024,"Saturday - 1:00pmNovember 30, 2024",67,6
2024,"Saturday - 9:00amNovember 30, 2024",66,13
2024,"Friday - 11:59pmNovember 29, 2024",65,10
2024,"Friday - 8:00pmNovember 29, 2024",64,5
2024,"Friday - 5:00pmNovember 29, 2024",63,10
2024,"Friday - 1:00pmNovember 29, 2024",62,3
2024,"Friday - 9:00amNovember 29, 2024",61,15
2024,"Thursday - 11:59pmNovember 28, 2024",60,7
2024,"Thursday - 8:00pmNovember 28, 2024",59,12
2024,"Thursday - 5:00pmNovember 28, 2024",58,3
2024,"Thursday - 1:00pmNovember 28, 2024",57,14
2024,"Thursday - 9:00amNovember 28, 2024",56,4
2024,"Wednesday - 11:59pmNovember 27, 2024",55,9
2024,"Wednesday - 8:00pmNovember 27, 2024",54,5
2024,"Wednesday - 5:00pmNovember 27, 2024",53,4
2024,"Wednesday - 1:00pmNovember 27, 2024",52,3
2024,"Wednesday - 9:00amNovember 27, 2024",51,12
2024,"Tuesday - 11:59pmNovember 26, 2024",50,6
2024,"Tuesday - 8:00pmNovember 26, 2024",49,9
2024,"Tuesday - 5:00pmNovember 26, 2024",48,5
2024,"Tuesday - 1:00pmNovember 26, 2024",47,7
2024,"Tuesday - 9:00amNovember 26, 2024",46,15
2024,"Monday - 11:59pmNovember 25, 2024",45,5
2024,"Monday - 8:00pmNovember 25, 2024",44,6
2024,"Monday - 5:00pmNovember 25, 2024",43,11
2024,"Monday - 1:00pmNovember 25, 2024",42,10
2024,"Monday - 9:00amNovember 25, 2024",41,5
2024,"Sunday - 11:59pmNovember 24, 2024",40,7
2024,"Sunday - 8:00pmNovember 24, 2024",39,8
2024,"Sunday - 5:00pmNovember 24, 2024",38,14
2024,"Sunday - 1:00pmNovember 24, 2024",37,14
2024,"Sunday - 9:00amNovember 24, 2024",36,10
2024,"Saturday - 11:59pmNovember 23, 2024",35,6
2024,"Saturday - 8:00pmNovember 23, 2024",34,5
2024,"Saturday - 5:00pmNovember 23, 2024",33,7
2024,"Saturday - 1:00pmNovember 23, 2024",32,13
2024,"Saturday - 9:00amNovember 23, 2024",31,13
2024,"Friday - 11:59pmNovember 22, 2024",30,4
2024,"Friday - 8:00pmNovember 22, 2024",29,4
2024,"Friday - 5:00pmNovember 22, 2024",28,8
2024,"Friday - 1:00pmNovember 22, 2024",27,12
2024,"Friday - 9:00amNovember 22, 2024",26,15
2024,"Thursday - 11:59pmNovember 21, 2024",25,3
2024,"Thursday - 8:00pmNovember 21, 2024",24,14
2024,"Thursday - 5:00pmNovember 21, 2024",23,11
2024,"Thursday - 1:00pmNovember 21, 2024",22,11
2024,"Thursday - 9:00amNovember 21, 2024",21,15
2024,"Wednesday - 11:59pmNovember 20, 2024",20,7
2024,"Wednesday - 8:00pmNovember 20, 2024",19,4
2024,"Wednesday - 5:00pmNovember 20, 2024",18,8
2024,"Wednesday - 1:00pmNovember 20, 2024",17,2
2024,"Wednesday - 9:00amNovember 20, 2024",16,7
2024,"Tuesday - 11:59pmNovember 19, 2024",15,7
2024,"Tuesday - 8:00pmNovember 19, 2024",14,6
2024,"Tuesday - 5:00pmNovember 19, 2024",13,2
2024,"Tuesday - 1:00pmNovember 19, 2024",12,14
2024,"Tuesday - 9:00amNovember 19, 2024",11,7
2024,"Monday - 11:59pmNovember 18, 2024",10,2
2024,"Monday - 8:00pmNovember 18, 2024",9,1
2024,"Monday - 5:00pmNovember 18, 2024",8,10
2024,"Monday - 1:00pmNovember 18, 2024",7,2
2024,"Monday - 9:00amNovember 18, 2024",6,2
2024,"Sunday - 11:59pmNovember 17, 2024",5,14
2024,"Sunday - 8:00pmNovember 17, 2024",4,5
2024,"Sunday - 5:00pmNovember 17, 2024",3,14
2024,"Sunday - 1:00pmNovember 17, 2024",2,12
2024,"Sunday - 9:00amNovember 17, 2024",1,11
2025,"Saturday - 11:59pmDecember 6, 2025",1925,6
2025,"Saturday - 8:00pmDecember 6, 2025",1924,14
2025,"Saturday - 5:00pmDecember 6, 2025",1923,8
2025,"Saturday - 1:00pmDecember 6, 2025",1922,1
2025,"Saturday - 9:00amDecember 6, 2025",1921,8
2025,"Friday - 11:59pmDecember 5, 2025",1920,1
2025,"Friday - 8:00pmDecember 5, 2025",1919,10
2025,"Friday - 5:00pmDecember 5, 2025",1918,9
2025,"Friday - 1:00pmDecember 5, 2025",1917,1
2025,"Friday - 9:00amDecember 5, 2025",1916,3
2025,"Thursday - 11:59pmDecember 4, 2025",1915,11
2025,"Thursday - 8:00pmDecember 4, 2025",1914,9
2025,"Thursday - 5:00pmDecember 4, 2025",1913,7
2025,"Thursday - 1:00pmDecember 4, 2025",1912,10
2025,"Thursday - 9:00amDecember 4, 2025",1911,14
2025,"Wednesday - 11:59pmDecember 3, 2025",1910,7
2025,"Wednesday - 8:00pmDecember 3, 2025",1909,12
2025,"Wednesday - 5:00pmDecember 3, 2025",1908,13
2025,"Wednesday - 1:00pmDecember 3, 2025",1907,1
2025,"Wednesday - 9:00amDecember 3, 2025",1906,7
2025,"Tuesday - 11:59pmDecember 2, 2025",1905,1
2025,"Tuesday - 8:00pmDecember 2, 2025",1904,11
2025,"Tuesday - 5:00pmDecember 2, 2025",1903,3
2025,"Tuesday - 1:00pmDecember 2, 2025",1902,5
2025,"Tuesday - 9:00amDecember 2, 2025",1901,1
2025,"Monday - 11:59pmDecember 1, 2025",1900,14
2025,"Monday - 8:00pmDecember 1, 2025",1899,11
2025,"Monday - 5:00pmDecember 1, 2025",1898,14
2025,"Monday - 1:00pmDecember 1, 2025",1897,7
2025,"Monday - 9:00amDecember 1, 2025",1896,14
2025,"Sunday - 11:59pmNovember 30, 2025",1895,14
2025,"Sunday - 8:00pmNovember 30, 2025",1894,6
2025,"Sunday - 5:00pmNovember 30, 2025",1893,4
2025,"Sunday - 1:00pmNovember 30, 2025",1892,15
2025,"Sunday - 9:00amNovember 30, 2025",1891,14
2025,"Saturday - 11:59pmNovember 29, 2025",1890,14
2025,"Saturday - 8:00pmNovember 29, 2025",1889,8
2025,"Saturday - 5:00pmNovember 29, 2025",1888,9
2025,"Saturday - 1:00pmNovember 29, 2025",1887,2
2025,"Saturday - 9:00amNovember 29, 2025",1886,8
2025,"Friday - 11:59pmNovember 28, 2025",1885,11
2025,"Friday - 8:00pmNovember 28, 2025",1884,9
2025,"Friday - 5:00pmNovember 28, 2025",1883,12
2025,"Friday - 1:00pmNovember 28, 2025",1882,14
2025,"Friday - 9:00amNovember 28, 2025",1881,4
2025,"Thursday - 11:59pmNovember 27, 2025",1880,9
2025,"Thursday - 8:00pmNovember 27, 2025",1879,6
2025,"Thursday - 5:00pmNovember 27, 2025",1878,7
2025,"Thursday - 1:00pmNovember 27, 2025",1877,1
2025,"Thursday - 9:00amNovember 27, 2025",1876,5
2025,"Wednesday - 11:59pmNovember 26, 2025",1875,3
2025,"Wednesday - 8:00pmNovember 26, 2025",1874,13
2025,"Wednesday - 5:00pmNovember 26, 2025",1873,1
2025,"Wednesday - 1:00pmNovember 26, 2025",1872,11
2025,"Wednesday - 9:00amNovember 26, 2025",1871,3
2025,"Tuesday - 11:59pmNovember 25, 2025",1870,13
2025,"Tuesday - 8:00pmNovember 25, 2025",1869,3
2025,"Tuesday - 5:00pmNovember 25, 2025",1868,9
2025,"Tuesday - 1:00pmNovember 25, 2025",1867,12
2025,"Tuesday - 9:00amNovember 25, 2025",1866,12
2025,"Monday - 11:59pmNovember 24, 2025",1865,15
2025,"Monday - 8:00pmNovember 24, 2025",1864,4
2025,"Monday - 5:00pmNovember 24, 2025",1863,6
2025,"Monday - 1:00pmNovember 24, 2025",1862,12
2025,"Monday - 9:00amNovember 24, 2025",1861,3
2025,"Sunday - 11:59pmNovember 23, 2025",1860,3
2025,"Sunday - 8:00pmNovember 23, 2025",1859,9
2025,"Sunday - 5:00pmNovember 23, 2025",1858,15
2025,"Sunday - 1:00pmNovember 23, 2025",1857,6
2025,"Sunday - 9:00amNovember 23, 2025",1856,4
2025,"Saturday - 11:59pmNovember 22, 2025",1855,9
2025,"Saturday - 8:00pmNovember 22, 2025",1854,8
2025,"Saturday - 5:00pmNovember 22, 2025",1853,2
2025,"Saturday - 1:00pmNovember 22, 2025",1852,4
2025,"Saturday - 9:00amNovember 22, 2025",1851,9
2025,"Friday - 11:59pmNovember 21, 2025",1850,15
2025,"Friday - 8:00pmNovember 21, 2025",1849,11
2025,"Friday - 5:00pmNovember 21, 2025",1848,8
2025,"Friday - 1:00pmNovember 21, 2025",1847,5
2025,"Friday - 9:00amNovember 21, 2025",1846,1
2025,"Thursday - 11:59pmNovember 20, 2025",1845,12
2025,"Thursday - 8:00pmNovember 20, 2025",1844,7
2025,"Thursday - 5:00pmNovember 20, 2025",1843,12
2025,"Thursday - 1:00pmNovember 20, 2025",1842,9
2025,"Thursday - 9:00amNovember 20, 2025",1841,9
2025,"Wednesday - 11:59pmNovember 19, 2025",1840,3
2025,"Wednesday - 8:00pmNovember 19, 2025",1839,10
2025,"Wednesday - 5:00pmNovember 19, 2025",1838,4
2025,"Wednesday - 1:00pmNovember 19, 2025",1837,8
2025,"Wednesday - 9:00amNovember 19, 2025",1836,4
2025,"Tuesday - 11:59pmNovember 18, 2025",1835,4
2025,"Tuesday - 8:00pmNovember 18, 2025",1834,12
2025,"Tuesday - 5:00pmNovember 18, 2025",1833,4
2025,"Tuesday - 1:00pmNovember 18, 2025",1832,7
2025,"Tuesday - 9:00amNovember 18, 2025",1831,4
2025,"Monday - 11:59pmNovember 17, 2025",1830,10
2025,"Monday - 8:00pmNovember 17, 2025",1829,15
2025,"Monday - 5:00pmNovember 17, 2025",1828,5
2025,"Monday - 1:00pmNovember 17, 2025",1827,7
2025,"Monday - 9:00amNovember 17, 2025",1826,4
2025,"Sunday - 11:59pmNovember 16, 2025",1825,2
2025,"Sunday - 8:00pmNovember 16, 2025",1824,6
2025,"Sunday - 5:00pmNovember 16, 2025",1823,3
2025,"Sunday - 1:00pmNovember 16, 2025",1822,14
2025,"Sunday - 9:00amNovember 16, 2025",1821,3
2025,"Saturday - 11:59pmNovember 15, 2025",1820,1
2025,"Saturday - 8:00pmNovember 15, 2025",1819,2
2025,"Saturday - 5:00pmNovember 15, 2025",1818,5
2025,"Saturday - 1:00pmNovember 15, 2025",1817,14
2025,"Saturday - 9:00amNovember 15, 2025",1816,2
2025,"Friday - 11:59pmNovember 14, 2025",1815,8
2025,"Friday - 8:00pmNovember 14, 2025",1814,10
2025,"Friday - 5:00pmNovember 14, 2025",1813,1
2025,"Friday - 1:00pmNovember 14, 2025",1812,9
2025,"Friday - 9:00amNovember 14, 2025",1811,13
2025,"Thursday - 11:59pmNovember 13, 2025",1810,5
2025,"Thursday - 8:00pmNovember 13, 2025",1809,15
2025,"Thursday - 5:00pmNovember 13, 2025",1808,8
2025,"Thursday - 1:00pmNovember 13, 2025",1807,1
2025,"Thursday - 9:00amNovember 13, 2025",1806,11
2025,"Wednesday - 11:59pmNovember 12, 2025",1805,1
2025,"Wednesday - 8:00pmNovember 12, 2025",1804,6
2025,"Wednesday - 5:00pmNovember 12, 2025",1803,8
2025,"Wednesday - 1:00pmNovember 12, 2025",1802,10
2025,"Wednesday - 9:00amNovember 12, 2025",1801,2
2025,"Tuesday - 11:59pmNovember 11, 2025",1800,14
2025,"Tuesday - 8:00pmNovember 11, 2025",1799,1
2025,"Tuesday - 5:00pmNovember 11, 2025",1798,9
2025,"Tuesday - 1:00pmNovember 11, 2025",1797,1
2025,"Tuesday - 9:00amNovember 11, 2025",1796,9
2025,"Monday - 11:59pmNovember 10, 2025",1795,11
2025,"Monday - 8:00pmNovember 10, 2025",1794,13
2025,"Monday - 5:00pmNovember 10, 2025",1793,4
2025,"Monday - 1:00pmNovember 10, 2025",1792,11
2025,"Monday - 9:00amNovember 10, 2025",1791,9
2025,"Sunday - 11:59pmNovember 9, 2025",1790,2
2025,"Sunday - 8:00pmNovember 9, 2025",1789,11
2025,"Sunday - 5:00pmNovember 9, 2025",1788,14
2025,"Sunday - 1:00pmNovember 9, 2025",1787,7
2025,"Sunday - 9:00amNovember 9, 2025",1786,10
2025,"Saturday - 11:59pmNovember 8, 2025",1785,9
2025,"Saturday - 8:00pmNovember 8, 2025",1784,2
2025,"Saturday - 5:00pmNovember 8, 2025",1783,4
2025,"Saturday - 1:00pmNovember 8, 2025",1782,3
2025,"Saturday - 9:00amNovember 8, 2025",1781,8
2025,"Friday - 11:59pmNovember 7, 2025",1780,11
2025,"Friday - 8:00pmNovember 7, 2025",1779,4
2025,"Friday - 5:00pmNovember 7, 2025",1778,3
2025,"Friday - 1:00pmNovember 7, 2025",1777,14
2025,"Friday - 9:00amNovember 7, 2025",1776,5
2025,"Thursday - 11:59pmNovember 6, 2025",1775,13
2025,"Thursday - 8:00pmNovember 6, 2025",1774,8
2025,"Thursday - 5:00pmNovember 6, 2025",1773,5
2025,"Thursday - 1:00pmNovember 6, 2025",1772,14
2025,"Thursday - 9:00amNovember 6, 2025",1771,7
2025,"Wednesday - 11:59pmNovember 5, 2025",1770,2
2025,"Wednesday - 8:00pmNovember 5, 2025",1769,1
2025,"Wednesday - 5:00pmNovember 5, 2025",1768,6
2025,"Wednesday - 1:00pmNovember 5, 2025",1767,13
2025,"Wednesday - 9:00amNovember 5, 2025",1766,4
2025,"Tuesday - 11:59pmNovember 4, 2025",1765,11
2025,"Tuesday - 8:00pmNovember 4, 2025",1764,4
2025,"Tuesday - 5:00pmNovember 4, 2025",1763,8
2025,"Tuesday - 1:00pmNovember 4, 2025",1762,3
2025,"Tuesday - 9:00amNovember 4, 2025",1761,9
2025,"Monday - 11:59pmNovember 3, 2025",1760,13
2025,"Monday - 8:00pmNovember 3, 2025",1759,9
2025,"Monday - 5:00pmNovember 3, 2025",1758,3
2025,"Monday - 1:00pmNovember 3, 2025",1757,7
2025,"Monday - 9:00amNovember 3, 2025",1756,13
2025,"Sunday - 11:59pmNovember 2, 2025",1755,8
2025,"Sunday - 8:00pmNovember 2, 2025",1754,1
2025,"Sunday - 5:00pmNovember 2, 2025",1753,7
2025,"Sunday - 1:00pmNovember 2, 2025",1752,12
2025,"Sunday - 9:00amNovember 2, 2025",1751,6
2025,"Saturday - 11:59pmNovember 1, 2025",1750,12
2025,"Saturday - 8:00pmNovember 1, 2025",1749,10
2025,"Saturday - 5:00pmNovember 1, 2025",1748,1
2025,"Saturday - 1:00pmNovember 1, 2025",1747,10
2025,"Saturday - 9:00amNovember 1, 2025",1746,5
2025,"Friday - 11:59pmOctober 31, 2025",1745,9
2025,"Friday - 8:00pmOctober 31, 2025",1744,13
2025,"Friday - 5:00pmOctober 31, 2025",1743,3
2025,"Friday - 1:00pmOctober 31, 2025",1742,11
2025,"Friday - 9:00amOctober 31, 2025",1741,6
2025,"Thursday - 11:59pmOctober 30, 2025",1740,5
2025,"Thursday - 8:00pmOctober 30, 2025",1739,1
2025,"Thursday - 5:00pmOctober 30, 2025",1738,10
2025,"Thursday - 1:00pmOctober 30, 2025",1737,12
2025,"Thursday - 9:00amOctober 30, 2025",1736,1
2025,"Wednesday - 11:59pmOctober 29, 2025",1735,3
2025,"Wednesday - 8:00pmOctober 29, 2025",1734,8
2025,"Wednesday - 5:00pmOctober 29, 2025",1733,5
2025,"Wednesday - 1:00pmOctober 29, 2025",1732,7
2025,"Wednesday - 9:00amOctober 29, 2025",1731,3
2025,"Tuesday - 11:59pmOctober 28, 2025",1730,4
2025,"Tuesday - 8:00pmOctober 28, 2025",1729,8
2025,"Tuesday - 5:00pmOctober 28, 2025",1728,11
2025,"Tuesday - 1:00pmOctober 28, 2025",1727,5
2025,"Tuesday - 9:00amOctober 28, 2025",1726,4
2025,"Monday - 11:59pmOctober 27, 2025",1725,6
2025,"Monday - 8:00pmOctober 27, 2025",1724,12
2025,"Monday - 5:00pmOctober 27, 2025",1723,2
2025,"Monday - 1:00pmOctober 27, 2025",1722,10
2025,"Monday - 9:00amOctober 27, 2025",1721,9
2025,"Sunday - 11:59pmOctober 26, 2025",1720,10
2025,"Sunday - 8:00pmOctober 26, 2025",1719,6
2025,"Sunday - 5:00pmOctober 26, 2025",1718,6
2025,"Sunday - 1:00pmOctober 26, 2025",1717,13
2025,"Sunday - 9:00amOctober 26, 2025",1716,14
2025,"Saturday - 11:59pmOctober 25, 2025",1715,10
2025,"Saturday - 8:00pmOctober 25, 2025",1714,15
2025,"Saturday - 5:00pmOctober 25, 2025",1713,3
2025,"Saturday - 1:00pmOctober 25, 2025",1712,4
2025,"Saturday - 9:00amOctober 25, 2025",1711,7
2025,"Friday - 11:59pmOctober 24, 2025",1710,13
2025,"Friday - 8:00pmOctober 24, 2025",1709,12
2025,"Friday - 5:00pmOctober 24, 2025",1708,13
2025,"Friday - 1:00pmOctober 24, 2025",1707,6
2025,"Friday - 9:00amOctober 24, 2025",1706,4
2025,"Thursday - 11:59pmOctober 23, 2025",1705,2
2025,"Thursday - 8:00pmOctober 23, 2025",1704,8
2025,"Thursday - 5:00pmOctober 23, 2025",1703,11
2025,"Thursday - 1:00pmOctober 23, 2025",1702,3
2025,"Thursday - 9:00amOctober 23, 2025",1701,7
2025,"Wednesday - 11:59pmOctober 22, 2025",1700,9
2025,"Wednesday - 8:00pmOctober 22, 2025",1699,2
2025,"Wednesday - 5:00pmOctober 22, 2025",1698,13
2025,"Wednesday - 1:00pmOctober 22, 2025",1697,6
2025,"Wednesday - 9:00amOctober 22, 2025",1696,6
2025,"Tuesday - 11:59pmOctober 21, 2025",1695,5
2025,"Tuesday - 8:00pmOctober 21, 2025",1694,1
2025,"Tuesday - 5:00pmOctober 21, 2025",1693,1
2025,"Tuesday - 1:00pmOctober 21, 2025",1692,1
2025,"Tuesday - 9:00amOctober 21, 2025",1691,6
2025,"Monday - 11:59pmOctober 20, 2025",1690,13
2025,"Monday - 8:00pmOctober 20, 2025",1689,3
2025,"Monday - 5:00pmOctober 20, 2025",1688,8
2025,"Monday - 1:00pmOctober 20, 2025",1687,12
2025,"Monday - 9:00amOctober 20, 2025",1686,6
2025,"Sunday - 11:59pmOctober 19, 2025",1685,1
2025,"Sunday - 8:00pmOctober 19, 2025",1684,8
2025,"Sunday - 5:00pmOctober 19, 2025",1683,5
2025,"Sunday - 1:00pmOctober 19, 2025",1682,14
2025,"Sunday - 9:00amOctober 19, 2025",1681,13
2025,"Saturday - 11:59pmOctober 18, 2025",1680,1
2025,"Saturday - 8:00pmOctober 18, 2025",1679,4
2025,"Saturday - 5:00pmOctober 18, 2025",1678,9
2025,"Saturday - 1:00pmOctober 18, 2025",1677,2
2025,"Saturday - 9:00amOctober 18, 2025",1676,12
2025,"Friday - 11:59pmOctober 17, 2025",1675,14
2025,"Friday - 8:00pmOctober 17, 2025",1674,12
2025,"Friday - 5:00pmOctober 17, 2025",1673,1
2025,"Friday - 1:00pmOctober 17, 2025",1672,8
2025,"Friday - 9:00amOctober 17, 2025",1671,1
2025,"Thursday - 11:59pmOctober 16, 2025",1670,1
2025,"Thursday - 8:00pmOctober 16, 2025",1669,3
2025,"Thursday - 5:00pmOctober 16, 2025",1668,3
2025,"Thursday - 1:00pmOctober 16, 2025",1667,14
2025,"Thursday - 9:00amOctober 16, 2025",1666,3
2025,"Wednesday - 11:59pmOctober 15, 2025",1665,10
2025,"Wednesday - 8:00pmOctober 15, 2025",1664,5
2025,"Wednesday - 5:00pmOctober 15, 2025",1663,3
2025,"Wednesday - 1:00pmOctober 15, 2025",1662,12
2025,"Wednesday - 9:00amOctober 15, 2025",1661,4
2025,"Tuesday - 11:59pmOctober 14, 2025",1660,13
2025,"Tuesday - 8:00pmOctober 14, 2025",1659,6
2025,"Tuesday - 5:00pmOctober 14, 2025",1658,4
2025,"Tuesday - 1:00pmOctober 14, 2025",1657,9
2025,"Tuesday - 9:00amOctober 14, 2025",1656,13
2025,"Monday - 11:59pmOctober 13, 2025",1655,6
2025,"Monday - 8:00pmOctober 13, 2025",1654,9
2025,"Monday - 5:00pmOctober 13, 2025",1653,11
2025,"Monday - 1:00pmOctober 13, 2025",1652,6
2025,"Monday - 9:00amOctober 13, 2025",1651,14
2025,"Sunday - 11:59pmOctober 12, 2025",1650,11
2025,"Sunday - 8:00pmOctober 12, 2025",1649,4
2025,"Sunday - 5:00pmOctober 12, 2025",1648,8
2025,"Sunday - 1:00pmOctober 12, 2025",1647,7
2025,"Sunday - 9:00amOctober 12, 2025",1646,12
2025,"Saturday - 11:59pmOctober 11, 2025",1645,15
2025,"Saturday - 8:00pmOctober 11, 2025",1644,10
2025,"Saturday - 5:00pmOctober 11, 2025",1643,9
2025,"Saturday - 1:00pmOctober 11, 2025",1642,8
2025,"Saturday - 9:00amOctober 11, 2025",1641,11
2025,"Friday - 11:59pmOctober 10, 2025",1640,2
2025,"Friday - 8:00pmOctober 10, 2025",1639,13
2025,"Friday - 5:00pmOctober 10, 2025",1638,8
2025,"Friday - 1:00pmOctober 10, 2025",1637,15
2025,"Friday - 9:00amOctober 10, 2025",1636,1
2025,"Thursday - 11:59pmOctober 9, 2025",1635,9
2025,"Thursday - 8:00pmOctober 9, 2025",1634,14
2025,"Thursday - 5:00pmOctober 9, 2025",1633,2
2025,"Thursday - 1:00pmOctober 9, 2025",1632,1
2025,"Thursday - 9:00amOctober 9, 2025",1631,14
2025,"Wednesday - 11:59pmOctober 8, 2025",1630,4
2025,"Wednesday - 8:00pmOctober 8, 2025",1629,14
2025,"Wednesday - 5:00pmOctober 8, 2025",1628,11
2025,"Wednesday - 1:00pmOctober 8, 2025",1627,7
2025,"Wednesday - 9:00amOctober 8, 2025",1626,6
2025,"Tuesday - 11:59pmOctober 7, 2025",1625,2
2025,"Tuesday - 8:00pmOctober 7, 2025",1624,1
2025,"Tuesday - 5:00pmOctober 7, 2025",1623,4
2025,"Tuesday - 1:00pmOctober 7, 2025",1622,3
2025,"Tuesday - 9:00amOctober 7, 2025",1621,1
2025,"Monday - 11:59pmOctober 6, 2025",1620,7
2025,"Monday - 8:00pmOctober 6, 2025",1619,7
2025,"Monday - 5:00pmOctober 6, 2025",1618,6
2025,"Monday - 1:00pmOctober 6, 2025",1617,15
2025,"Monday - 9:00amOctober 6, 2025",1616,10
2025,"Sunday - 11:59pmOctober 5, 2025",1615,1
2025,"Sunday - 8:00pmOctober 5, 2025",1614,9
2025,"Sunday - 5:00pmOctober 5, 2025",1613,9
2025,"Sunday - 1:00pmOctober 5, 2025",1612,11
2025,"Sunday - 9:00amOctober 5, 2025",1611,14
2025,"Saturday - 11:59pmOctober 4, 2025",1610,1
2025,"Saturday - 8:00pmOctober 4, 2025",1609,11
2025,"Saturday - 5:00pmOctober 4, 2025",1608,14
2025,"Saturday - 1:00pmOctober 4, 2025",1607,11
2025,"Saturday - 9:00amOctober 4, 2025",1606,3
2025,"Friday - 11:59pmOctober 3, 2025",1605,3
2025,"Friday - 8:00pmOctober 3, 2025",1604,1
2025,"Friday - 5:00pmOctober 3, 2025",1603,3
2025,"Friday - 1:00pmOctober 3, 2025",1602,2
2025,"Friday - 9:00amOctober 3, 2025",1601,12
2025,"Thursday - 11:59pmOctober 2, 2025",1600,12
2025,"Thursday - 8:00pmOctober 2, 2025",1599,4
2025,"Thursday - 5:00pmOctober 2, 2025",1598,11
2025,"Thursday - 1:00pmOctober 2, 2025",1597,2
2025,"Thursday - 9:00amOctober 2, 2025",1596,3
2025,"Wednesday - 11:59pmOctober 1, 2025",1595,2
2025,"Wednesday - 8:00pmOctober 1, 2025",1594,1
2025,"Wednesday - 5:00pmOctober 1, 2025",1593,7
2025,"Wednesday - 1:00pmOctober 1, 2025",1592,13
2025,"Wednesday - 9:00amOctober 1, 2025",1591,6
2025,"Tuesday - 11:59pmSeptember 30, 2025",1590,2
2025,"Tuesday - 8:00pmSeptember 30, 2025",1589,1
2025,"Tuesday - 5:00pmSeptember 30, 2025",1588,15
2025,"Tuesday - 1:00pmSeptember 30, 2025",1587,5
2025,"Tuesday - 9:00amSeptember 30, 2025",1586,10
2025,"Monday - 11:59pmSeptember 29, 2025",1585,3
2025,"Monday - 8:00pmSeptember 29, 2025",1584,4
2025,"Monday - 5:00pmSeptember 29, 2025",1583,2
2025,"Monday - 1:00pmSeptember 29, 2025",1582,3
2025,"Monday - 9:00amSeptember 29, 2025",1581,9
2025,"Sunday - 11:59pmSeptember 28, 2025",1580,1
2025,"Sunday - 8:00pmSeptember 28, 2025",1579,11
2025,"Sunday - 5:00pmSeptember 28, 2025",1578,1
2025,"Sunday - 1:00pmSeptember 28, 2025",1577,15
2025,"Sunday - 9:00amSeptember 28, 2025",1576,8
2025,"Saturday - 11:59pmSeptember 27, 2025",1575,4
2025,"Saturday - 8:00pmSeptember 27, 2025",1574,10
2025,"Saturday - 5:00pmSeptember 27, 2025",1573,13
2025,"Saturday - 1:00pmSeptember 27, 2025",1572,1
2025,"Saturday - 9:00amSeptember 27, 2025",1571,6
2025,"Friday - 11:59pmSeptember 26, 2025",1570,6
2025,"Friday - 8:00pmSeptember 26, 2025",1569,7
2025,"Friday - 5:00pmSeptember 26, 2025",1568,11
2025,"Friday - 1:00pmSeptember 26, 2025",1567,12
2025,"Friday - 9:00amSeptember 26, 2025",1566,3
2025,"Thursday - 11:59pmSeptember 25, 2025",1565,1
2025,"Thursday - 8:00pmSeptember 25, 2025",1564,2
2025,"Thursday - 5:00pmSeptember 25, 2025",1563,9
2025,"Thursday - 1:00pmSeptember 25, 2025",1562,9
2025,"Thursday - 9:00amSeptember 25, 2025",1561,11
2025,"Wednesday - 11:59pmSeptember 24, 2025",1560,15
2025,"Wednesday - 8:00pmSeptember 24, 2025",1559,2
2025,"Wednesday - 5:00pmSeptember 24, 2025",1558,3
2025,"Wednesday - 1:00pmSeptember 24, 2025",1557,5
2025,"Wednesday - 9:00amSeptember 24, 2025",1556,11
2025,"Tuesday - 11:59pmSeptember 23, 2025",1555,8
2025,"Tuesday - 8:00pmSeptember 23, 2025",1554,6
2025,"Tuesday - 5:00pmSeptember 23, 2025",1553,7
2025,"Tuesday - 1:00pmSeptember 23, 2025",1552,8
2025,"Tuesday - 9:00amSeptember 23, 2025",1551,10
2025,"Monday - 11:59pmSeptember 22, 2025",1550,13
2025,"Monday - 8:00pmSeptember 22, 2025",1549,1
2025,"Monday - 5:00pmSeptember 22, 2025",1548,9
2025,"Monday - 1:00pmSeptember 22, 2025",1547,12
2025,"Monday - 9:00amSeptember 22, 2025",1546,7
2025,"Sunday - 11:59pmSeptember 21, 2025",1545,15
2025,"Sunday - 8:00pmSeptember 21, 2025",1544,5
2025,"Sunday - 5:00pmSeptember 21, 2025",1543,1
2025,"Sunday - 1:00pmSeptember 21, 2025",1542,12
2025,"Sunday - 9:00amSeptember 21, 2025",1541,12
2025,"Saturday - 11:59pmSeptember 20, 2025",1540,15
2025,"Saturday - 8:00pmSeptember 20, 2025",1539,14
2025,"Saturday - 5:00pmSeptember 20, 2025",1538,6
2025,"Saturday - 1:00pmSeptember 20, 2025",1537,12
2025,"Saturday - 9:00amSeptember 20, 2025",1536,2
2025,"Friday - 11:59pmSeptember 19, 2025",1535,8
2025,"Friday - 8:00pmSeptember 19, 2025",1534,9
2025,"Friday - 5:00pmSeptember 19, 2025",1533,4
2025,"Friday - 1:00pmSeptember 19, 2025",1532,11
2025,"Friday - 9:00amSeptember 19, 2025",1531,12
2025,"Thursday - 11:59pmSeptember 18, 2025",1530,8
2025,"Thursday - 8:00pmSeptember 18, 2025",1529,5
2025,"Thursday - 5:00pmSeptember 18, 2025",1528,8
2025,"Thursday - 1:00pmSeptember 18, 2025",1527,10
2025,"Thursday - 9:00amSeptember 18, 2025",1526,7
2025,"Wednesday - 11:59pmSeptember 17, 2025",1525,12
2025,"Wednesday - 8:00pmSeptember 17, 2025",1524,10
2025,"Wednesday - 5:00pmSeptember 17, 2025",1523,10
2025,"Wednesday - 1:00pmSeptember 17, 2025",1522,10
2025,"Wednesday - 9:00amSeptember 17, 2025",1521,14
2025,"Tuesday - 11:59pmSeptember 16, 2025",1520,14
2025,"Tuesday - 8:00pmSeptember 16, 2025",1519,12
2025,"Tuesday - 5:00pmSeptember 16, 2025",1518,15
2025,"Tuesday - 1:00pmSeptember 16, 2025",1517,15
2025,"Tuesday - 9:00amSeptember 16, 2025",1516,9
2025,"Monday - 11:59pmSeptember 15, 2025",1515,8
2025,"Monday - 8:00pmSeptember 15, 2025",1514,6
2025,"Monday - 5:00pmSeptember 15, 2025",1513,10
2025,"Monday - 1:00pmSeptember 15, 2025",1512,15
2025,"Monday - 9:00amSeptember 15, 2025",1511,11
2025,"Sunday - 11:59pmSeptember 14, 2025",1510,13
2025,"Sunday - 8:00pmSeptember 14, 2025",1509,4
2025,"Sunday - 5:00pmSeptember 14, 2025",1508,11
2025,"Sunday - 1:00pmSeptember 14, 2025",1507,14
2025,"Sunday - 9:00amSeptember 14, 2025",1506,8
2025,"Saturday - 11:59pmSeptember 13, 2025",1505,4
2025,"Saturday - 8:00pmSeptember 13, 2025",1504,1
2025,"Saturday - 5:00pmSeptember 13, 2025",1503,10
2025,"Saturday - 1:00pmSeptember 13, 2025",1502,15
2025,"Saturday - 9:00amSeptember 13, 2025",1501,9
2025,"Friday - 11:59pmSeptember 12, 2025",1500,12
2025,"Friday - 8:00pmSeptember 12, 2025",1499,12
2025,"Friday - 5:00pmSeptember 12, 2025",1498,1
2025,"Friday - 1:00pmSeptember 12, 2025",1497,4
2025,"Friday - 9:00amSeptember 12, 2025",1496,13
2025,"Thursday - 11:59pmSeptember 11, 2025",1495,7
2025,"Thursday - 8:00pmSeptember 11, 2025",1494,11
2025,"Thursday - 5:00pmSeptember 11, 2025",1493,15
2025,"Thursday - 1:00pmSeptember 11, 2025",1492,13
2025,"Thursday - 9:00amSeptember 11, 2025",1491,10
2025,"Wednesday - 11:59pmSeptember 10, 2025",1490,3
2025,"Wednesday - 8:00pmSeptember 10, 2025",1489,4
2025,"Wednesday - 5:00pmSeptember 10, 2025",1488,12
2025,"Wednesday - 1:00pmSeptember 10, 2025",1487,11
2025,"Wednesday - 9:00amSeptember 10, 2025",1486,12
2025,"Tuesday - 11:59pmSeptember 9, 2025",1485,14
2025,"Tuesday - 8:00pmSeptember 9, 2025",1484,8
2025,"Tuesday - 5:00pmSeptember 9, 2025",1483,1
2025,"Tuesday - 1:00pmSeptember 9, 2025",1482,11
2025,"Tuesday - 9:00amSeptember 9, 2025",1481,4
2025,"Monday - 11:59pmSeptember 8, 2025",1480,12
2025,"Monday - 8:00pmSeptember 8, 2025",1479,15
2025,"Monday - 5:00pmSeptember 8, 2025",1478,3
2025,"Monday - 1:00pmSeptember 8, 2025",1477,8
2025,"Monday - 9:00amSeptember 8, 2025",1476,3
2025,"Sunday - 11:59pmSeptember 7, 2025",1475,12
2025,"Sunday - 8:00pmSeptember 7, 2025",1474,10
2025,"Sunday - 5:00pmSeptember 7, 2025",1473,3
2025,"Sunday - 1:00pmSeptember 7, 2025",1472,9
2025,"Sunday - 9:00amSeptember 7, 2025",1471,5
2025,"Saturday - 11:59pmSeptember 6, 2025",1470,1
2025,"Saturday - 8:00pmSeptember 6, 2025",1469,10
2025,"Saturday - 5:00pmSeptember 6, 2025",1468,13
2025,"Saturday - 1:00pmSeptember 6, 2025",1467,7
2025,"Saturday - 9:00amSeptember 6, 2025",1466,12
2025,"Friday - 11:59pmSeptember 5, 2025",1465,11
2025,"Friday - 8:00pmSeptember 5, 2025",1464,2
2025,"Friday - 5:00pmSeptember 5, 2025",1463,12
2025,"Friday - 1:00pmSeptember 5, 2025",1462,12
2025,"Friday - 9:00amSeptember 5, 2025",1461,1
2025,"Thursday - 11:59pmSeptember 4, 2025",1460,6
2025,"Thursday - 8:00pmSeptember 4, 2025",1459,3
2025,"Thursday - 5:00pmSeptember 4, 2025",1458,6
2025,"Thursday - 1:00pmSeptember 4, 2025",1457,4
2025,"Thursday - 9:00amSeptember 4, 2025",1456,13
2025,"Wednesday - 11:59pmSeptember 3, 2025",1455,3
2025,"Wednesday - 8:00pmSeptember 3, 2025",1454,1
2025,"Wednesday - 5:00pmSeptember 3, 2025",1453,5
2025,"Wednesday - 1:00pmSeptember 3, 2025",1452,8
2025,"Wednesday - 9:00amSeptember 3, 2025",1451,15
2025,"Tuesday - 11:59pmSeptember 2, 2025",1450,9
2025,"Tuesday - 8:00pmSeptember 2, 2025",1449,3
2025,"Tuesday - 5:00pmSeptember 2, 2025",1448,2
2025,"Tuesday - 1:00pmSeptember 2, 2025",1447,13
2025,"Tuesday - 9:00amSeptember 2, 2025",1446,7
2025,"Monday - 11:59pmSeptember 1, 2025",1445,2
2025,"Monday - 8:00pmSeptember 1, 2025",1444,4
2025,"Monday - 5:00pmSeptember 1, 2025",1443,4
2025,"Monday - 1:00pmSeptember 1, 2025",1442,3
2025,"Monday - 9:00amSeptember 1, 2025",1441,2
2025,"Sunday - 11:59pmAugust 31, 2025",1440,10
2025,"Sunday - 8:00pmAugust 31, 2025",1439,10
2025,"Sunday - 5:00pmAugust 31, 2025",1438,1
2025,"Sunday - 1:00pmAugust 31, 2025",1437,7
2025,"Sunday - 9:00amAugust 31, 2025",1436,15
2025,"Saturday - 11:59pmAugust 30, 2025",1435,1
2025,"Saturday - 8:00pmAugust 30, 2025",1434,5
2025,"Saturday - 5:00pmAugust 30, 2025",1433,9
2025,"Saturday - 1:00pmAugust 30, 2025",1432,7
2025,"Saturday - 9:00amAugust 30, 2025",1431,7
2025,"Friday - 11:59pmAugust 29, 2025",1430,3
2025,"Friday - 8:00pmAugust 29, 2025",1429,10
2025,"Friday - 5:00pmAugust 29, 2025",1428,12
2025,"Friday - 1:00pmAugust 29, 2025",1427,11
2025,"Friday - 9:00amAugust 29, 2025",1426,4
2025,"Thursday - 11:59pmAugust 28, 2025",1425,13
2025,"Thursday - 8:00pmAugust 28, 2025",1424,15
2025,"Thursday - 5:00pmAugust 28, 2025",1423,12
2025,"Thursday - 1:00pmAugust 28, 2025",1422,7
2025,"Thursday - 9:00amAugust 28, 2025",1421,7
2025,"Wednesday - 11:59pmAugust 27, 2025",1420,9
2025,"Wednesday - 8:00pmAugust 27, 2025",1419,8
2025,"Wednesday - 5:00pmAugust 27, 2025",1418,1
2025,"Wednesday - 1:00pmAugust 27, 2025",1417,1
2025,"Wednesday - 9:00amAugust 27, 2025",1416,13
2025,"Tuesday - 11:59pmAugust 26, 2025",1415,14
2025,"Tuesday - 8:00pmAugust 26, 2025",1414,4
2025,"Tuesday - 5:00pmAugust 26, 2025",1413,4
2025,"Tuesday - 1:00pmAugust 26, 2025",1412,15
2025,"Tuesday - 9:00amAugust 26, 2025",1411,2
2025,"Monday - 11:59pmAugust 25, 2025",1410,13
2025,"Monday - 8:00pmAugust 25, 2025",1409,4
2025,"Monday - 5:00pmAugust 25, 2025",1408,11
2025,"Monday - 1:00pmAugust 25, 2025",1407,8
2025,"Monday - 9:00amAugust 25, 2025",1406,10
2025,"Sunday - 11:59pmAugust 24, 2025",1405,8
2025,"Sunday - 8:00pmAugust 24, 2025",1404,1
2025,"Sunday - 5:00pmAugust 24, 2025",1403,1
2025,"Sunday - 1:00pmAugust 24, 2025",1402,6
2025,"Sunday - 9:00amAugust 24, 2025",1401,3
2025,"Saturday - 11:59pmAugust 23, 2025",1400,2
2025,"Saturday - 8:00pmAugust 23, 2025",1399,4
2025,"Saturday - 5:00pmAugust 23, 2025",1398,11
2025,"Saturday - 1:00pmAugust 23, 2025",1397,15
2025,"Saturday - 9:00amAugust 23, 2025",1396,13
2025,"Friday - 11:59pmAugust 22, 2025",1395,5
2025,"Friday - 8:00pmAugust 22, 2025",1394,8
2025,"Friday - 5:00pmAugust 22, 2025",1393,14
2025,"Friday - 1:00pmAugust 22, 2025",1392,12
2025,"Friday - 9:00amAugust 22, 2025",1391,13
2025,"Thursday - 11:59pmAugust 21, 2025",1390,9
2025,"Thursday - 8:00pmAugust 21, 2025",1389,4
2025,"Thursday - 5:00pmAugust 21, 2025",1388,2
2025,"Thursday - 1:00pmAugust 21, 2025",1387,8
2025,"Thursday - 9:00amAugust 21, 2025",1386,6
2025,"Wednesday - 11:59pmAugust 20, 2025",1385,1
2025,"Wednesday - 8:00pmAugust 20, 2025",1384,9
2025,"Wednesday - 5:00pmAugust 20, 2025",1383,9
2025,"Wednesday - 1:00pmAugust 20, 2025",1382,8
2025,"Wednesday - 9:00amAugust 20, 2025",1381,14
2025,"Tuesday - 11:59pmAugust 19, 2025",1380,15
2025,"Tuesday - 8:00pmAugust 19, 2025",1379,11
2025,"Tuesday - 5:00pmAugust 19, 2025",1378,6
2025,"Tuesday - 1:00pmAugust 19, 2025",1377,15
2025,"Tuesday - 9:00amAugust 19, 2025",1376,11
2025,"Monday - 11:59pmAugust 18, 2025",1375,7
2025,"Monday - 8:00pmAugust 18, 2025",1374,9
2025,"Monday - 5:00pmAugust 18, 2025",1373,5
2025,"Monday - 1:00pmAugust 18, 2025",1372,3
2025,"Monday - 9:00amAugust 18, 2025",1371,9
2025,"Sunday - 11:59pmAugust 17, 2025",1370,12
2025,"Sunday - 8:00pmAugust 17, 2025",1369,15
2025,"Sunday - 5:00pmAugust 17, 2025",1368,9
2025,"Sunday - 1:00pmAugust 17, 2025",1367,10
2025,"Sunday - 9:00amAugust 17, 2025",1366,2
2025,"Saturday - 11:59pmAugust 16, 2025",1365,13
2025,"Saturday - 8:00pmAugust 16, 2025",1364,2
2025,"Saturday - 5:00pmAugust 16, 2025",1363,10
2025,"Saturday - 1:00pmAugust 16, 2025",1362,3
2025,"Saturday - 9:00amAugust 16, 2025",1361,11
2025,"Friday - 11:59pmAugust 15, 2025",1360,13
2025,"Friday - 8:00pmAugust 15, 2025",1359,2
2025,"Friday - 5:00pmAugust 15, 2025",1358,7
2025,"Friday - 1:00pmAugust 15, 2025",1357,11
2025,"Friday - 9:00amAugust 15, 2025",1356,7
2025,"Thursday - 11:59pmAugust 14, 2025",1355,4
2025,"Thursday - 8:00pmAugust 14, 2025",1354,2
2025,"Thursday - 5:00pmAugust 14, 2025",1353,6
2025,"Thursday - 1:00pmAugust 14, 2025",1352,5
2025,"Thursday - 9:00amAugust 14, 2025",1351,3
2025,"Wednesday - 11:59pmAugust 13, 2025",1350,3
2025,"Wednesday - 8:00pmAugust 13, 2025",1349,4
2025,"Wednesday - 5:00pmAugust 13, 2025",1348,3
2025,"Wednesday - 1:00pmAugust 13, 2025",1347,8
2025,"Wednesday - 9:00amAugust 13, 2025",1346,4
2025,"Tuesday - 11:59pmAugust 12, 2025",1345,8
2025,"Tuesday - 8:00pmAugust 12, 2025",1344,1
2025,"Tuesday - 5:00pmAugust 12, 2025",1343,14
2025,"Tuesday - 1:00pmAugust 12, 2025",1342,2
2025,"Tuesday - 9:00amAugust 12, 2025",1341,3
2025,"Monday - 11:59pmAugust 11, 2025",1340,6
2025,"Monday - 8:00pmAugust 11, 2025",1339,6
2025,"Monday - 5:00pmAugust 11, 2025",1338,2
2025,"Monday - 1:00pmAugust 11, 2025",1337,13
2025,"Monday - 9:00amAugust 11, 2025",1336,10
2025,"Sunday - 11:59pmAugust 10, 2025",1335,14
2025,"Sunday - 8:00pmAugust 10, 2025",1334,6
2025,"Sunday - 5:00pmAugust 10, 2025",1333,7
2025,"Sunday - 1:00pmAugust 10, 2025",1332,13
2025,"Sunday - 9:00amAugust 10, 2025",1331,5
2025,"Saturday - 11:59pmAugust 9, 2025",1330,2
2025,"Saturday - 8:00pmAugust 9, 2025",1329,14
2025,"Saturday - 5:00pmAugust 9, 2025",1328,6
2025,"Saturday - 1:00pmAugust 9, 2025",1327,11
2025,"Saturday - 9:00amAugust 9, 2025",1326,11
2025,"Friday - 11:59pmAugust 8, 2025",1325,3
2025,"Friday - 8:00pmAugust 8, 2025",1324,4
2025,"Friday - 5:00pmAugust 8, 2025",1323,5
2025,"Friday - 1:00pmAugust 8, 2025",1322,5
2025,"Friday - 9:00amAugust 8, 2025",1321,5
2025,"Thursday - 11:59pmAugust 7, 2025",1320,1
2025,"Thursday - 8:00pmAugust 7, 2025",1319,2
2025,"Thursday - 5:00pmAugust 7, 2025",1318,11
2025,"Thursday - 1:00pmAugust 7, 2025",1317,11
2025,"Thursday - 9:00amAugust 7, 2025",1316,13
2025,"Wednesday - 11:59pmAugust 6, 2025",1315,5
2025,"Wednesday - 8:00pmAugust 6, 2025",1314,15
2025,"Wednesday - 5:00pmAugust 6, 2025",1313,14
2025,"Wednesday - 1:00pmAugust 6, 2025",1312,1
2025,"Wednesday - 9:00amAugust 6, 2025",1311,13
2025,"Tuesday - 11:59pmAugust 5, 2025",1310,1
2025,"Tuesday - 8:00pmAugust 5, 2025",1309,11
2025,"Tuesday - 5:00pmAugust 5, 2025",1308,9
2025,"Tuesday - 1:00pmAugust 5, 2025",1307,4
2025,"Tuesday - 9:00amAugust 5, 2025",1306,8
2025,"Monday - 11:59pmAugust 4, 2025",1305,6
2025,"Monday - 8:00pmAugust 4, 2025",1304,9
2025,"Monday - 5:00pmAugust 4, 2025",1303,9
2025,"Monday - 1:00pmAugust 4, 2025",1302,8
2025,"Monday - 9:00amAugust 4, 2025",1301,12
2025,"Sunday - 11:59pmAugust 3, 2025",1300,12
2025,"Sunday - 8:00pmAugust 3, 2025",1299,13
2025,"Sunday - 5:00pmAugust 3, 2025",1298,14
2025,"Sunday - 1:00pmAugust 3, 2025",1297,3
2025,"Sunday - 9:00amAugust 3, 2025",1296,12
2025,"Saturday - 11:59pmAugust 2, 2025",1295,15
2025,"Saturday - 8:00pmAugust 2, 2025",1294,5
2025,"Saturday - 5:00pmAugust 2, 2025",1293,13
2025,"Saturday - 1:00pmAugust 2, 2025",1292,10
2025,"Saturday - 9:00amAugust 2, 2025",1291,3
2025,"Friday - 11:59pmAugust 1, 2025",1290,13
2025,"Friday - 8:00pmAugust 1, 2025",1289,8
2025,"Friday - 5:00pmAugust 1, 2025",1288,6
2025,"Friday - 1:00pmAugust 1, 2025",1287,3
2025,"Friday - 9:00amAugust 1, 2025",1286,5
2025,"Thursday - 11:59pmJuly 31, 2025",1285,1
2025,"Thursday - 8:00pmJuly 31, 2025",1284,2
2025,"Thursday - 5:00pmJuly 31, 2025",1283,3
2025,"Thursday - 1:00pmJuly 31, 2025",1282,1
2025,"Thursday - 9:00amJuly 31, 2025",1281,5
2025,"Wednesday - 11:59pmJuly 30, 2025",1280,12
2025,"Wednesday - 8:00pmJuly 30, 2025",1279,9
2025,"Wednesday - 5:00pmJuly 30, 2025",1278,2
2025,"Wednesday - 1:00pmJuly 30, 2025",1277,5
2025,"Wednesday - 9:00amJuly 30, 2025",1276,2
2025,"Tuesday - 11:59pmJuly 29, 2025",1275,9
2025,"Tuesday - 8:00pmJuly 29, 2025",1274,13
2025,"Tuesday - 5:00pmJuly 29, 2025",1273,4
2025,"Tuesday - 1:00pmJuly 29, 2025",1272,1
2025,"Tuesday - 9:00amJuly 29, 2025",1271,13
2025,"Monday - 11:59pmJuly 28, 2025",1270,1
2025,"Monday - 8:00pmJuly 28, 2025",1269,1
2025,"Monday - 5:00pmJuly 28, 2025",1268,14
2025,"Monday - 1:00pmJuly 28, 2025",1267,12
2025,"Monday - 9:00amJuly 28, 2025",1266,6
2025,"Sunday - 11:59pmJuly 27, 2025",1265,5
2025,"Sunday - 8:00pmJuly 27, 2025",1264,3
2025,"Sunday - 5:00pmJuly 27, 2025",1263,8
2025,"Sunday - 1:00pmJuly 27, 2025",1262,2
2025,"Sunday - 9:00amJuly 27, 2025",1261,8
2025,"Saturday - 11:59pmJuly 26, 2025",1260,3
2025,"Saturday - 8:00pmJuly 26, 2025",1259,10
2025,"Saturday - 5:00pmJuly 26, 2025",1258,3
2025,"Saturday - 1:00pmJuly 26, 2025",1257,3
2025,"Saturday - 9:00amJuly 26, 2025",1256,5
2025,"Friday - 11:59pmJuly 25, 2025",1255,9
2025,"Friday - 8:00pmJuly 25, 2025",1254,3
2025,"Friday - 5:00pmJuly 25, 2025",1253,6
2025,"Friday - 1:00pmJuly 25, 2025",1252,6
2025,"Friday - 9:00amJuly 25, 2025",1251,6
2025,"Thursday - 11:59pmJuly 24, 2025",1250,10
2025,"Thursday - 8:00pmJuly 24, 2025",1249,1
2025,"Thursday - 5:00pmJuly 24, 2025",1248,2
2025,"Thursday - 1:00pmJuly 24, 2025",1247,2
2025,"Thursday - 9:00amJuly 24, 2025",1246,10
2025,"Wednesday - 11:59pmJuly 23, 2025",1245,12
2025,"Wednesday - 8:00pmJuly 23, 2025",1244,2
2025,"Wednesday - 5:00pmJuly 23, 2025",1243,13
2025,"Wednesday - 1:00pmJuly 23, 2025",1242,9
2025,"Wednesday - 9:00amJuly 23, 2025",1241,12
2025,"Tuesday - 11:59pmJuly 22, 2025",1240,5
2025,"Tuesday - 8:00pmJuly 22, 2025",1239,4
2025,"Tuesday - 5:00pmJuly 22, 2025",1238,10
2025,"Tuesday - 1:00pmJuly 22, 2025",1237,5
2025,"Tuesday - 9:00amJuly 22, 2025",1236,1
2025,"Monday - 11:59pmJuly 21, 2025",1235,2
2025,"Monday - 8:00pmJuly 21, 2025",1234,3
2025,"Monday - 5:00pmJuly 21, 2025",1233,4
2025,"Monday - 1:00pmJuly 21, 2025",1232,14
2025,"Monday - 9:00amJuly 21, 2025",1231,11
2025,"Sunday - 11:59pmJuly 20, 2025",1230,10
2025,"Sunday - 8:00pmJuly 20, 2025",1229,12
2025,"Sunday - 5:00pmJuly 20, 2025",1228,15
2025,"Sunday - 1:00pmJuly 20, 2025",1227,6
2025,"Sunday - 9:00amJuly 20, 2025",1226,2
2025,"Saturday - 11:59pmJuly 19, 2025",1225,4
2025,"Saturday - 8:00pmJuly 19, 2025",1224,11
2025,"Saturday - 5:00pmJuly 19, 2025",1223,5
2025,"Saturday - 1:00pmJuly 19, 2025",1222,9
2025,"Saturday - 9:00amJuly 19, 2025",1221,7
2025,"Friday - 11:59pmJuly 18, 2025",1220,14
2025,"Friday - 8:00pmJuly 18, 2025",1219,5
2025,"Friday - 5:00pmJuly 18, 2025",1218,10
2025,"Friday - 1:00pmJuly 18, 2025",1217,7
2025,"Friday - 9:00amJuly 18, 2025",1216,10
2025,"Thursday - 11:59pmJuly 17, 2025",1215,1
2025,"Thursday - 8:00pmJuly 17, 2025",1214,12
2025,"Thursday - 5:00pmJuly 17, 2025",1213,13
2025,"Thursday - 1:00pmJuly 17, 2025",1212,9
2025,"Thursday - 9:00amJuly 17, 2025",1211,4
2025,"Wednesday - 11:59pmJuly 16, 2025",1210,15
2025,"Wednesday - 8:00pmJuly 16, 2025",1209,10
2025,"Wednesday - 5:00pmJuly 16, 2025",1208,4
2025,"Wednesday - 1:00pmJuly 16, 2025",1207,14
2025,"Wednesday - 9:00amJuly 16, 2025",1206,5
2025,"Tuesday - 11:59pmJuly 15, 2025",1205,2
2025,"Tuesday - 8:00pmJuly 15, 2025",1204,13
2025,"Tuesday - 5:00pmJuly 15, 2025",1203,3
2025,"Tuesday - 1:00pmJuly 15, 2025",1202,1
2025,"Tuesday - 9:00amJuly 15, 2025",1201,1
2025,"Monday - 11:59pmJuly 14, 2025",1200,14
2025,"Monday - 8:00pmJuly 14, 2025",1199,10
2025,"Monday - 5:00pmJuly 14, 2025",1198,13
2025,"Monday - 1:00pmJuly 14, 2025",1197,14
2025,"Monday - 9:00amJuly 14, 2025",1196,2
2025,"Sunday - 11:59pmJuly 13, 2025",1195,12
2025,"Sunday - 8:00pmJuly 13, 2025",1194,7
2025,"Sunday - 5:00pmJuly 13, 2025",1193,2
2025,"Sunday - 1:00pmJuly 13, 2025",1192,12
2025,"Sunday - 9:00amJuly 13, 2025",1191,9
2025,"Saturday - 11:59pmJuly 12, 2025",1190,9
2025,"Saturday - 8:00pmJuly 12, 2025",1189,15
2025,"Saturday - 5:00pmJuly 12, 2025",1188,3
2025,"Saturday - 1:00pmJuly 12, 2025",1187,1
2025,"Saturday - 9:00amJuly 12, 2025",1186,14
2025,"Friday - 11:59pmJuly 11, 2025",1185,13
2025,"Friday - 8:00pmJuly 11, 2025",1184,15
2025,"Friday - 5:00pmJuly 11, 2025",1183,6
2025,"Friday - 1:00pmJuly 11, 2025",1182,5
2025,"Friday - 9:00amJuly 11, 2025",1181,8
2025,"Thursday - 11:59pmJuly 10, 2025",1180,4
2025,"Thursday - 8:00pmJuly 10, 2025",1179,12
2025,"Thursday - 5:00pmJuly 10, 2025",1178,15
2025,"Thursday - 1:00pmJuly 10, 2025",1177,5
2025,"Thursday - 9:00amJuly 10, 2025",1176,7
2025,"Wednesday - 11:59pmJuly 9, 2025",1175,3
2025,"Wednesday - 8:00pmJuly 9, 2025",1174,13
2025,"Wednesday - 5:00pmJuly 9, 2025",1173,11
2025,"Wednesday - 1:00pmJuly 9, 2025",1172,13
2025,"Wednesday - 9:00amJuly 9, 2025",1171,5
2025,"Tuesday - 11:59pmJuly 8, 2025",1170,2
2025,"Tuesday - 8:00pmJuly 8, 2025",1169,8
2025,"Tuesday - 5:00pmJuly 8, 2025",1168,13
2025,"Tuesday - 1:00pmJuly 8, 2025",1167,1
2025,"Tuesday - 9:00amJuly 8, 2025",1166,15
2025,"Monday - 11:59pmJuly 7, 2025",1165,15
2025,"Monday - 8:00pmJuly 7, 2025",1164,4
2025,"Monday - 5:00pmJuly 7, 2025",1163,3
2025,"Monday - 1:00pmJuly 7, 2025",1162,14
2025,"Monday - 9:00amJuly 7, 2025",1161,2
2025,"Sunday - 11:59pmJuly 6, 2025",1160,1
2025,"Sunday - 8:00pmJuly 6, 2025",1159,7
2025,"Sunday - 5:00pmJuly 6, 2025",1158,15
2025,"Sunday - 1:00pmJuly 6, 2025",1157,13
2025,"Sunday - 9:00amJuly 6, 2025",1156,12
2025,"Saturday - 11:59pmJuly 5, 2025",1155,12
2025,"Saturday - 8:00pmJuly 5, 2025",1154,13
2025,"Saturday - 5:00pmJuly 5, 2025",1153,13
2025,"Saturday - 1:00pmJuly 5, 2025",1152,7
2025,"Saturday - 9:00amJuly 5, 2025",1151,6
2025,"Friday - 11:59pmJuly 4, 2025",1150,4
2025,"Friday - 8:00pmJuly 4, 2025",1149,7
2025,"Friday - 5:00pmJuly 4, 2025",1148,13
2025,"Friday - 1:00pmJuly 4, 2025",1147,14
2025,"Friday - 9:00amJuly 4, 2025",1146,2
2025,"Thursday - 11:59pmJuly 3, 2025",1145,8
2025,"Thursday - 8:00pmJuly 3, 2025",1144,9
2025,"Thursday - 5:00pmJuly 3, 2025",1143,10
2025,"Thursday - 1:00pmJuly 3, 2025",1142,2
2025,"Thursday - 9:00amJuly 3, 2025",1141,15
2025,"Wednesday - 11:59pmJuly 2, 2025",1140,1
2025,"Wednesday - 8:00pmJuly 2, 2025",1139,14
2025,"Wednesday - 5:00pmJuly 2, 2025",1138,4
2025,"Wednesday - 1:00pmJuly 2, 2025",1137,13
2025,"Wednesday - 9:00amJuly 2, 2025",1136,4
2025,"Tuesday - 11:59pmJuly 1, 2025",1135,3
2025,"Tuesday - 8:00pmJuly 1, 2025",1134,15
2025,"Tuesday - 5:00pmJuly 1, 2025",1133,7
2025,"Tuesday - 1:00pmJuly 1, 2025",1132,13
2025,"Tuesday - 9:00amJuly 1, 2025",1131,1
2025,"Monday - 11:59pmJune 30, 2025",1130,13
2025,"Monday - 8:00pmJune 30, 2025",1129,10
2025,"Monday - 5:00pmJune 30, 2025",1128,12
2025,"Monday - 1:00pmJune 30, 2025",1127,15
2025,"Monday - 9:00amJune 30, 2025",1126,5
2025,"Sunday - 11:59pmJune 29, 2025",1125,6
2025,"Sunday - 8:00pmJune 29, 2025",1124,11
2025,"Sunday - 5:00pmJune 29, 2025",1123,5
2025,"Sunday - 1:00pmJune 29, 2025",1122,15
2025,"Sunday - 9:00amJune 29, 2025",1121,9
2025,"Saturday - 11:59pmJune 28, 2025",1120,12
2025,"Saturday - 8:00pmJune 28, 2025",1119,10
2025,"Saturday - 5:00pmJune 28, 2025",1118,7
2025,"Saturday - 1:00pmJune 28, 2025",1117,7
2025,"Saturday - 9:00amJune 28, 2025",1116,9
2025,"Friday - 11:59pmJune 27, 2025",1115,13
2025,"Friday - 8:00pmJune 27, 2025",1114,8
2025,"Friday - 5:00pmJune 27, 2025",1113,15
2025,"Friday - 1:00pmJune 27, 2025",1112,10
2025,"Friday - 9:00amJune 27, 2025",1111,11
2025,"Thursday - 11:59pmJune 26, 2025",1110,7
2025,"Thursday - 8:00pmJune 26, 2025",1109,7
2025,"Thursday - 5:00pmJune 26, 2025",1108,6
2025,"Thursday - 1:00pmJune 26, 2025",1107,5
2025,"Thursday - 9:00amJune 26, 2025",1106,13
2025,"Wednesday - 11:59pmJune 25, 2025",1105,1
2025,"Wednesday - 8:00pmJune 25, 2025",1104,4
2025,"Wednesday - 5:00pmJune 25, 2025",1103,7
2025,"Wednesday - 1:00pmJune 25, 2025",1102,14
2025,"Wednesday - 9:00amJune 25, 2025",1101,14
2025,"Tuesday - 11:59pmJune 24, 2025",1100,11
2025,"Tuesday - 8:00pmJune 24, 2025",1099,15
2025,"Tuesday - 5:00pmJune 24, 2025",1098,6
2025,"Tuesday - 1:00pmJune 24, 2025",1097,10
2025,"Tuesday - 9:00amJune 24, 2025",1096,10
2025,"Monday - 11:59pmJune 23, 2025",1095,8
2025,"Monday - 8:00pmJune 23, 2025",1094,7
2025,"Monday - 5:00pmJune 23, 2025",1093,1
2025,"Monday - 1:00pmJune 23, 2025",1092,12
2025,"Monday - 9:00amJune 23, 2025",1091,4
2025,"Sunday - 11:59pmJune 22, 2025",1090,10
2025,"Sunday - 8:00pmJune 22, 2025",1089,10
2025,"Sunday - 5:00pmJune 22, 2025",1088,7
2025,"Sunday - 1:00pmJune 22, 2025",1087,4
2025,"Sunday - 9:00amJune 22, 2025",1086,10
2025,"Saturday - 11:59pmJune 21, 2025",1085,7
2025,"Saturday - 8:00pmJune 21, 2025",1084,1
2025,"Saturday - 5:00pmJune 21, 2025",1083,15
2025,"Saturday - 1:00pmJune 21, 2025",1082,3
2025,"Saturday - 9:00amJune 21, 2025",1081,4
2025,"Friday - 11:59pmJune 20, 2025",1080,13
2025,"Friday - 8:00pmJune 20, 2025",1079,7
2025,"Friday - 5:00pmJune 20, 2025",1078,3
2025,"Friday - 1:00pmJune 20, 2025",1077,10
2025,"Friday - 9:00amJune 20, 2025",1076,12
2025,"Thursday - 11:59pmJune 19, 2025",1075,1
2025,"Thursday - 8:00pmJune 19, 2025",1074,5
2025,"Thursday - 5:00pmJune 19, 2025",1073,11
2025,"Thursday - 1:00pmJune 19, 2025",1072,14
2025,"Thursday - 9:00amJune 19, 2025",1071,4
2025,"Wednesday - 11:59pmJune 18, 2025",1070,7
2025,"Wednesday - 8:00pmJune 18, 2025",1069,6
2025,"Wednesday - 5:00pmJune 18, 2025",1068,14
2025,"Wednesday - 1:00pmJune 18, 2025",1067,4
2025,"Wednesday - 9:00amJune 18, 2025",1066,14
2025,"Tuesday - 11:59pmJune 17, 2025",1065,3
2025,"Tuesday - 8:00pmJune 17, 2025",1064,5
2025,"Tuesday - 5:00pmJune 17, 2025",1063,10
2025,"Tuesday - 1:00pmJune 17, 2025",1062,15
2025,"Tuesday - 9:00amJune 17, 2025",1061,4
2025,"Monday - 11:59pmJune 16, 2025",1060,14
2025,"Monday - 8:00pmJune 16, 2025",1059,2
2025,"Monday - 5:00pmJune 16, 2025",1058,1
2025,"Monday - 1:00pmJune 16, 2025",1057,13
2025,"Monday - 9:00amJune 16, 2025",1056,1
2025,"Sunday - 11:59pmJune 15, 2025",1055,3
2025,"Sunday - 8:00pmJune 15, 2025",1054,4
2025,"Sunday - 5:00pmJune 15, 2025",1053,6
2025,"Sunday - 1:00pmJune 15, 2025",1052,12
2025,"Sunday - 9:00amJune 15, 2025",1051,11
2025,"Saturday - 11:59pmJune 14, 2025",1050,3
2025,"Saturday - 8:00pmJune 14, 2025",1049,1
2025,"Saturday - 5:00pmJune 14, 2025",1048,15
2025,"Saturday - 1:00pmJune 14, 2025",1047,7
2025,"Saturday - 9:00amJune 14, 2025",1046,3
2025,"Friday - 11:59pmJune 13, 2025",1045,4
2025,"Friday - 8:00pmJune 13, 2025",1044,1
2025,"Friday - 5:00pmJune 13, 2025",1043,14
2025,"Friday - 1:00pmJune 13, 2025",1042,11
2025,"Friday - 9:00amJune 13, 2025",1041,2
2025,"Thursday - 11:59pmJune 12, 2025",1040,11
2025,"Thursday - 8:00pmJune 12, 2025",1039,4
2025,"Thursday - 5:00pmJune 12, 2025",1038,10
2025,"Thursday - 1:00pmJune 12, 2025",1037,5
2025,"Thursday - 9:00amJune 12, 2025",1036,7
2025,"Wednesday - 11:59pmJune 11, 2025",1035,13
2025,"Wednesday - 8:00pmJune 11, 2025",1034,14
2025,"Wednesday - 5:00pmJune 11, 2025",1033,9
2025,"Wednesday - 1:00pmJune 11, 2025",1032,3
2025,"Wednesday - 9:00amJune 11, 2025",1031,6
2025,"Tuesday - 11:59pmJune 10, 2025",1030,8
2025,"Tuesday - 8:00pmJune 10, 2025",1029,13
2025,"Tuesday - 5:00pmJune 10, 2025",1028,9
2025,"Tuesday - 1:00pmJune 10, 2025",1027,5
2025,"Tuesday - 9:00amJune 10, 2025",1026,6
2025,"Monday - 11:59pmJune 9, 2025",1025,11
2025,"Monday - 8:00pmJune 9, 2025",1024,8
2025,"Monday - 5:00pmJune 9, 2025",1023,5
2025,"Monday - 1:00pmJune 9, 2025",1022,14
2025,"Monday - 9:00amJune 9, 2025",1021,1
2025,"Sunday - 11:59pmJune 8, 2025",1020,10
2025,"Sunday - 8:00pmJune 8, 2025",1019,3
2025,"Sunday - 5:00pmJune 8, 2025",1018,7
2025,"Sunday - 1:00pmJune 8, 2025",1017,7
2025,"Sunday - 9:00amJune 8, 2025",1016,3
2025,"Saturday - 11:59pmJune 7, 2025",1015,7
2025,"Saturday - 8:00pmJune 7, 2025",1014,10
2025,"Saturday - 5:00pmJune 7, 2025",1013,6
2025,"Saturday - 1:00pmJune 7, 2025",1012,11
2025,"Saturday - 9:00amJune 7, 2025",1011,4
2025,"Friday - 11:59pmJune 6, 2025",1010,4
2025,"Friday - 8:00pmJune 6, 2025",1009,12
2025,"Friday - 5:00pmJune 6, 2025",1008,12
2025,"Friday - 1:00pmJune 6, 2025",1007,14
2025,"Friday - 9:00amJune 6, 2025",1006,11
2025,"Thursday - 11:59pmJune 5, 2025",1005,11
2025,"Thursday - 8:00pmJune 5, 2025",1004,3
2025,"Thursday - 5:00pmJune 5, 2025",1003,9
2025,"Thursday - 1:00pmJune 5, 2025",1002,9
2025,"Thursday - 9:00amJune 5, 2025",998,14
2025,"Wednesday - 11:59pmJune 4, 2025",997,13
2025,"Wednesday - 8:00pmJune 4, 2025",996,10
2025,"Wednesday - 5:00pmJune 4, 2025",995,14
2025,"Wednesday - 1:00pmJune 4, 2025",994,11
2025,"Wednesday - 9:00amJune 4, 2025",993,4
2025,"Tuesday - 11:59pmJune 3, 2025",992,4
2025,"Tuesday - 8:00pmJune 3, 2025",991,3
2025,"Tuesday - 5:00pmJune 3, 2025",990,14
2025,"Tuesday - 1:00pmJune 3, 2025",989,3
2025,"Tuesday - 9:00amJune 3, 2025",988,1
2025,"Monday - 11:59pmJune 2, 2025",987,7
2025,"Monday - 8:00pmJune 2, 2025",986,14
2025,"Monday - 5:00pmJune 2, 2025",985,2
2025,"Monday - 1:00pmJune 2, 2025",984,12
2025,"Monday - 9:00amJune 2, 2025",983,9
2025,"Sunday - 11:59pmJune 1, 2025",982,3
2025,"Sunday - 8:00pmJune 1, 2025",981,9
2025,"Sunday - 5:00pmJune 1, 2025",980,5
2025,"Sunday - 1:00pmJune 1, 2025",979,7
2025,"Sunday - 9:00amJune 1, 2025",978,2
2025,"Saturday - 11:59pmMay 31, 2025",977,15
2025,"Saturday - 8:00pmMay 31, 2025",976,6
2025,"Saturday - 5:00pmMay 31, 2025",975,13
2025,"Saturday - 1:00pmMay 31, 2025",974,5
2025,"Saturday - 9:00amMay 31, 2025",973,9
2025,"Friday - 11:59pmMay 30, 2025",972,4
2025,"Friday - 8:00pmMay 30, 2025",971,5
2025,"Friday - 5:00pmMay 30, 2025",970,12
2025,"Friday - 1:00pmMay 30, 2025",969,5
2025,"Friday - 9:00amMay 30, 2025",968,11
2025,"Thursday - 11:59pmMay 29, 2025",967,11
2025,"Thursday - 8:00pmMay 29, 2025",966,14
2025,"Thursday - 5:00pmMay 29, 2025",965,15
2025,"Thursday - 1:00pmMay 29, 2025",964,10
2025,"Thursday - 9:00amMay 29, 2025",963,3
2025,"Wednesday - 11:59pmMay 28, 2025",962,9
2025,"Wednesday - 8:00pmMay 28, 2025",963,13
2025,"Wednesday - 5:00pmMay 28, 2025",961,5
2025,"Wednesday - 1:00pmMay 28, 2025",960,3
2025,"Wednesday - 9:00amMay 28, 2025",959,10
2025,"Tuesday - 11:59pmMay 27, 2025",958,11
2025,"Tuesday - 8:00pmMay 27, 2025",957,9
2025,"Tuesday - 5:00pmMay 27, 2025",956,5
2025,"Tuesday - 1:00pmMay 27, 2025",955,8
2025,"Tuesday - 9:00amMay 27, 2025",954,3
2025,"Monday - 11:59pmMay 26, 2025",953,12
2025,"Monday - 8:00pmMay 26, 2025",952,14
2025,"Monday - 5:00pmMay 26, 2025",951,13
2025,"Monday - 1:00pmMay 26, 2025",950,3
2025,"Monday - 9:00amMay 26, 2025",949,6
2025,"Sunday - 11:59pmMay 25, 2025",948,14
2025,"Sunday - 8:00pmMay 25, 2025",947,7
2025,"Sunday - 5:00pmMay 25, 2025",946,1
2025,"Sunday - 1:00pmMay 25, 2025",945,4
2025,"Sunday - 9:00amMay 25, 2025",944,11
2025,"Saturday - 11:59pmMay 24, 2025",943,12
2025,"Saturday - 8:00pmMay 24, 2025",942,6
2025,"Saturday - 5:00pmMay 24, 2025",941,1
2025,"Saturday - 1:00pmMay 24, 2025",940,3
2025,"Saturday - 9:00amMay 24, 2025",939,4
2025,"Friday - 11:59pmMay 23, 2025",938,14
2025,"Friday - 8:00pmMay 23, 2025",937,12
2025,"Friday - 5:00pmMay 23, 2025",936,3
2025,"Friday - 1:00pmMay 23, 2025",935,13
2025,"Friday - 9:00amMay 23, 2025",934,5
2025,"Thursday - 11:59pmMay 22, 2025",933,12
2025,"Thursday - 8:00pmMay 22, 2025",932,11
2025,"Thursday - 5:00pmMay 22, 2025",931,10
2025,"Thursday - 1:00pmMay 22, 2025",930,8
2025,"Thursday - 9:00amMay 22, 2025",929,14
2025,"Wednesday - 11:59pmMay 21, 2025",928,15
2025,"Wednesday - 8:00pmMay 21, 2025",927,13
2025,"Wednesday - 5:00pmMay 21, 2025",926,10
2025,"Wednesday - 1:00pmMay 21, 2025",925,14
2025,"Wednesday - 9:00amMay 21, 2025",924,7
2025,"Tuesday - 11:59pmMay 20, 2025",923,11
2025,"Tuesday - 8:00pmMay 20, 2025",922,14
2025,"Tuesday - 5:00pmMay 20, 2025",921,7
2025,"Tuesday - 1:00pmMay 20, 2025",920,5
2025,"Tuesday - 9:00amMay 20, 2025",919,15
2025,"Monday - 11:59pmMay 19, 2025",918,9
2025,"Monday - 8:00pmMay 19, 2025",917,8
2025,"Monday - 5:00pmMay 19, 2025",916,7
2025,"Monday - 1:00pmMay 19, 2025",915,14
2025,"Monday - 9:00amMay 19, 2025",914,5
2025,"Sunday - 11:59pmMay 18, 2025",913,11
2025,"Sunday - 8:00pmMay 18, 2025",912,10
2025,"Sunday - 5:00pmMay 18, 2025",911,1
2025,"Sunday - 1:00pmMay 18, 2025",910,8
2025,"Sunday - 9:00amMay 18, 2025",909,2
2025,"Saturday - 11:59pmMay 17, 2025",908,5
2025,"Saturday - 8:00pmMay 17, 2025",907,5
2025,"Saturday - 5:00pmMay 17, 2025",906,13
2025,"Saturday - 1:00pmMay 17, 2025",905,11
2025,"Saturday - 9:00amMay 17, 2025",904,4
2025,"Friday - 11:59pmMay 16, 2025",903,2
2025,"Friday - 8:00pmMay 16, 2025",902,13
2025,"Friday - 5:00pmMay 16, 2025",901,5
2025,"Friday - 1:00pmMay 16, 2025",900,11
2025,"Friday - 9:00amMay 16, 2025",899,14
2025,"Thursday - 11:59pmMay 15, 2025",898,3
2025,"Thursday - 8:00pmMay 15, 2025",897,6
2025,"Thursday - 5:00pmMay 15, 2025",896,10
2025,"Thursday - 1:00pmMay 15, 2025",895,11
2025,"Thursday - 9:00amMay 15, 2025",894,11
2025,"Wednesday - 11:59pmMay 14, 2025",893,4
2025,"Wednesday - 8:00pmMay 14, 2025",892,15
2025,"Wednesday - 5:00pmMay 14, 2025",891,8
2025,"Wednesday - 1:00pmMay 14, 2025",890,5
2025,"Wednesday - 9:00amMay 14, 2025",889,12
2025,"Tuesday - 11:59pmMay 13, 2025",888,13
2025,"Tuesday - 8:00pmMay 13, 2025",887,7
2025,"Tuesday - 5:00pmMay 13, 2025",886,4
2025,"Tuesday - 1:00pmMay 13, 2025",885,7
2025,"Tuesday - 9:00amMay 13, 2025",884,3
2025,"Monday - 11:59pmMay 12, 2025",883,2
2025,"Monday - 8:00pmMay 12, 2025",882,4
2025,"Monday - 5:00pmMay 12, 2025",881,3
2025,"Monday - 1:00pmMay 12, 2025",880,8
2025,"Monday - 9:00amMay 12, 2025",879,9
2025,"Sunday - 11:59pmMay 11, 2025",878,6
2025,"Sunday - 8:00pmMay 11, 2025",877,1
2025,"Sunday - 5:00pmMay 11, 2025",876,3
2025,"Sunday - 1:00pmMay 11, 2025",875,3
2025,"Sunday - 9:00amMay 11, 2025",874,13
2025,"Saturday - 11:59pmMay 10, 2025",873,1
2025,"Saturday - 8:00pmMay 10, 2025",872,13
2025,"Saturday - 5:00pmMay 10, 2025",871,3
2025,"Saturday - 1:00pmMay 10, 2025",870,3
2025,"Saturday - 9:00amMay 10, 2025",869,14
2025,"Friday - 11:59pmMay 9, 2025",868,7
2025,"Friday - 8:00pmMay 9, 2025",867,2
2025,"Friday - 5:00pmMay 9, 2025",866,5
2025,"Friday - 1:00pmMay 9, 2025",865,2
2025,"Friday - 9:00amMay 9, 2025",864,14
2025,"Thursday - 11:59pmMay 8, 2025",863,9
2025,"Thursday - 8:00pmMay 8, 2025",862,15
2025,"Thursday - 5:00pmMay 8, 2025",861,6
2025,"Thursday - 1:00pmMay 8, 2025",860,3
2025,"Thursday - 9:00amMay 8, 2025",859,1
2025,"Wednesday - 11:59pmMay 7, 2025",858,2
2025,"Wednesday - 8:00pmMay 7, 2025",857,7
2025,"Wednesday - 5:00pmMay 7, 2025",856,5
2025,"Wednesday - 1:00pmMay 7, 2025",855,8
2025,"Wednesday - 9:00amMay 7, 2025",854,1
2025,"Tuesday - 11:59pmMay 6, 2025",853,8
2025,"Tuesday - 8:00pmMay 6, 2025",852,12
2025,"Tuesday - 5:00pmMay 6, 2025",851,7
2025,"Tuesday - 1:00pmMay 6, 2025",850,6
2025,"Tuesday - 9:00amMay 6, 2025",849,15
2025,"Monday - 11:59pmMay 5, 2025",848,4
2025,"Monday - 8:00pmMay 5, 2025",847,7
2025,"Monday - 5:00pmMay 5, 2025",846,15
2025,"Monday - 1:00pmMay 5, 2025",845,2
2025,"Monday - 9:00amMay 5, 2025",844,10
2025,"Sunday - 11:59pmMay 4, 2025",843,11
2025,"Sunday - 8:00pmMay 4, 2025",842,6
2025,"Sunday - 5:00pmMay 4, 2025",841,1
2025,"Sunday - 1:00pmMay 4, 2025",840,1
2025,"Sunday - 9:00amMay 4, 2025",839,1
2025,"Saturday - 11:59pmMay 3, 2025",838,3
2025,"Saturday - 8:00pmMay 3, 2025",837,15
2025,"Saturday - 5:00pmMay 3, 2025",836,1
2025,"Saturday - 1:00pmMay 3, 2025",835,4
2025,"Saturday - 9:00amMay 3, 2025",834,14
2025,"Friday - 11:59pmMay 2, 2025",833,7
2025,"Friday - 8:00pmMay 2, 2025",832,8
2025,"Friday - 5:00pmMay 2, 2025",831,6
2025,"Friday - 1:00pmMay 2, 2025",830,5
2025,"Friday - 9:00amMay 2, 2025",829,14
2025,"Thursday - 11:59pmMay 1, 2025",828,7
2025,"Thursday - 8:00pmMay 1, 2025",827,2
2025,"Thursday - 5:00pmMay 1, 2025",826,6
2025,"Thursday - 1:00pmMay 1, 2025",825,13
2025,"Thursday - 9:00amMay 1, 2025",824,7
2025,"Wednesday - 11:59pmApril 30, 2025",823,8
2025,"Wednesday - 8:00pmApril 30, 2025",822,8
2025,"Wednesday - 5:00pmApril 30, 2025",821,14
2025,"Wednesday - 1:00pmApril 30, 2025",820,15
2025,"Wednesday - 9:00amApril 30, 2025",819,7
2025,"Tuesday - 11:59pmApril 29, 2025",818,9
2025,"Tuesday - 8:00pmApril 29, 2025",817,13
2025,"Tuesday - 5:00pmApril 29, 2025",816,6
2025,"Tuesday - 1:00pmApril 29, 2025",815,6
2025,"Tuesday - 9:00amApril 29, 2025",814,12
2025,"Monday - 11:59pmApril 28, 2025",813,10
2025,"Monday - 8:00pmApril 28, 2025",812,6
2025,"Monday - 5:00pmApril 28, 2025",811,14
2025,"Monday - 1:00pmApril 28, 2025",810,10
2025,"Monday - 9:00amApril 28, 2025",809,1
2025,"Sunday - 11:59pmApril 27, 2025",808,7
2025,"Sunday - 8:00pmApril 27, 2025",807,3
2025,"Sunday - 5:00pmApril 27, 2025",806,11
2025,"Sunday - 1:00pmApril 27, 2025",805,2
2025,"Sunday - 9:00amApril 27, 2025",804,2
2025,"Saturday - 11:59pmApril 26, 2025",803,8
2025,"Saturday - 8:00pmApril 26, 2025",802,14
2025,"Saturday - 5:00pmApril 26, 2025",801,14
2025,"Saturday - 1:00pmApril 26, 2025",800,8
2025,"Saturday - 9:00amApril 26, 2025",799,9
2025,"Friday - 11:59pmApril 25, 2025",798,6
2025,"Friday - 8:00pmApril 25, 2025",797,2
2025,"Friday - 5:00pmApril 25, 2025",796,5
2025,"Friday - 1:00pmApril 25, 2025",795,11
2025,"Friday - 9:00amApril 25, 2025",794,11
2025,"Thursday - 11:59pmApril 24, 2025",793,10
2025,"Thursday - 8:00pmApril 24, 2025",792,10
2025,"Thursday - 5:00pmApril 24, 2025",791,12
2025,"Thursday - 1:00pmApril 24, 2025",790,1
2025,"Thursday - 9:00amApril 24, 2025",789,8
2025,"Wednesday - 11:59pmApril 23, 2025",788,3
2025,"Wednesday - 8:00pmApril 23, 2025",787,15
2025,"Wednesday - 5:00pmApril 23, 2025",786,3
2025,"Wednesday - 1:00pmApril 23, 2025",785,15
2025,"Wednesday - 9:00amApril 23, 2025",784,7
2025,"Tuesday - 11:59pmApril 22, 2025",783,7
2025,"Tuesday - 8:00pmApril 22, 2025",782,11
2025,"Tuesday - 5:00pmApril 22, 2025",781,3
2025,"Tuesday - 1:00pmApril 22, 2025",780,11
2025,"Tuesday - 9:00amApril 22, 2025",779,3
2025,"Monday - 11:59pmApril 21, 2025",778,9
2025,"Monday - 8:00pmApril 21, 2025",777,5
2025,"Monday - 5:00pmApril 21, 2025",776,10
2025,"Monday - 1:00pmApril 21, 2025",775,6
2025,"Monday - 9:00amApril 21, 2025",774,10
2025,"Sunday - 11:59pmApril 20, 2025",773,10
2025,"Sunday - 8:00pmApril 20, 2025",772,4
2025,"Sunday - 5:00pmApril 20, 2025",771,5
2025,"Sunday - 1:00pmApril 20, 2025",770,13
2025,"Sunday - 9:00amApril 20, 2025",769,13
2025,"Saturday - 11:59pmApril 19, 2025",768,9
2025,"Saturday - 8:00pmApril 19, 2025",767,7
2025,"Saturday - 5:00pmApril 19, 2025",766,5
2025,"Saturday - 1:00pmApril 19, 2025",765,5
2025,"Saturday - 9:00amApril 19, 2025",764,3
2025,"Friday - 11:59pmApril 18, 2025",763,5
2025,"Friday - 8:00pmApril 18, 2025",762,9
2025,"Friday - 5:00pmApril 18, 2025",761,9
2025,"Friday - 1:00pmApril 18, 2025",760,10
2025,"Friday - 9:00amApril 18, 2025",759,15
2025,"Thursday - 11:59pmApril 17, 2025",758,4
2025,"Thursday - 8:00pmApril 17, 2025",757,5
2025,"Thursday - 5:00pmApril 17, 2025",756,11
2025,"Thursday - 1:00pmApril 17, 2025",755,8
2025,"Thursday - 9:00amApril 17, 2025",754,4
2025,"Wednesday - 11:59pmApril 16, 2025",753,11
2025,"Wednesday - 8:00pmApril 16, 2025",752,3
2025,"Wednesday - 5:00pmApril 16, 2025",751,2
2025,"Wednesday - 1:00pmApril 16, 2025",750,15
2025,"Wednesday - 9:00amApril 16, 2025",749,12
2025,"Tuesday - 11:59pmApril 15, 2025",748,15
2025,"Tuesday - 8:00pmApril 15, 2025",747,9
2025,"Tuesday - 5:00pmApril 15, 2025",746,1
2025,"Tuesday - 1:00pmApril 15, 2025",745,3
2025,"Tuesday - 9:00amApril 15, 2025",744,1
2025,"Monday - 11:59pmApril 14, 2025",743,12
2025,"Monday - 8:00pmApril 14, 2025",742,14
2025,"Monday - 5:00pmApril 14, 2025",741,14
2025,"Monday - 1:00pmApril 14, 2025",740,10
2025,"Monday - 9:00amApril 14, 2025",739,13
2025,"Sunday - 11:59pmApril 13, 2025",738,8
2025,"Sunday - 8:00pmApril 13, 2025",737,4
2025,"Sunday - 5:00pmApril 13, 2025",736,10
2025,"Sunday - 1:00pmApril 13, 2025",735,6
2025,"Sunday - 9:00amApril 13, 2025",734,1
2025,"Saturday - 11:59pmApril 12, 2025",733,4
2025,"Saturday - 8:00pmApril 12, 2025",732,15
2025,"Saturday - 5:00pmApril 12, 2025",731,9
2025,"Saturday - 1:00pmApril 12, 2025",730,5
2025,"Saturday - 9:00amApril 12, 2025",729,3
2025,"Friday - 11:59pmApril 11, 2025",728,10
2025,"Friday - 8:00pmApril 11, 2025",727,6
2025,"Friday - 5:00pmApril 11, 2025",726,14
2025,"Friday - 1:00pmApril 11, 2025",725,5
2025,"Friday - 9:00amApril 11, 2025",724,12
2025,"Thursday - 11:59pmApril 10, 2025",723,9
2025,"Thursday - 8:00pmApril 10, 2025",722,13
2025,"Thursday - 5:00pmApril 10, 2025",721,7
2025,"Thursday - 1:00pmApril 10, 2025",720,7
2025,"Thursday - 9:00amApril 10, 2025",719,8
2025,"Wednesday - 11:59pmApril 9, 2025",718,5
2025,"Wednesday - 8:00pmApril 9, 2025",717,6
2025,"Wednesday - 5:00pmApril 9, 2025",716,8
2025,"Wednesday - 1:00pmApril 9, 2025",715,9
2025,"Wednesday - 9:00amApril 9, 2025",714,6
2025,"Tuesday - 11:59pmApril 8, 2025",713,14
2025,"Tuesday - 8:00pmApril 8, 2025",712,10
2025,"Tuesday - 5:00pmApril 8, 2025",711,6
2025,"Tuesday - 1:00pmApril 8, 2025",710,13
2025,"Tuesday - 9:00amApril 8, 2025",709,10
2025,"Monday - 11:59pmApril 7, 2025",708,1
2025,"Monday - 8:00pmApril 7, 2025",707,13
2025,"Monday - 5:00pmApril 7, 2025",706,10
2025,"Monday - 1:00pmApril 7, 2025",705,12
2025,"Monday - 9:00amApril 7, 2025",704,15
2025,"Sunday - 11:59pmApril 6, 2025",703,3
2025,"Sunday - 8:00pmApril 6, 2025",702,1
2025,"Sunday - 5:00pmApril 6, 2025",701,13
2025,"Sunday - 1:00pmApril 6, 2025",700,6
2025,"Sunday - 9:00amApril 6, 2025",699,10
2025,"Saturday - 11:59pmApril 5, 2025",698,6
2025,"Saturday - 8:00pmApril 5, 2025",697,1
2025,"Saturday - 5:00pmApril 5, 2025",696,7
2025,"Saturday - 1:00pmApril 5, 2025",695,6
2025,"Saturday - 9:00amApril 5, 2025",694,11
2025,"Friday - 11:59pmApril 4, 2025",693,14
2025,"Friday - 8:00pmApril 4, 2025",692,7
2025,"Friday - 5:00pmApril 4, 2025",691,7
2025,"Friday - 1:00pmApril 4, 2025",690,13
2025,"Friday - 9:00amApril 4, 2025",689,6
2025,"Thursday - 11:59pmApril 3, 2025",688,11
2025,"Thursday - 8:00pmApril 3, 2025",687,12
2025,"Thursday - 5:00pmApril 3, 2025",686,2
2025,"Thursday - 1:00pmApril 3, 2025",685,7
2025,"Thursday - 9:00amApril 3, 2025",684,7
2025,"Wednesday - 11:59pmApril 2, 2025",683,4
2025,"Wednesday - 8:00pmApril 2, 2025",682,11
2025,"Wednesday - 5:00pmApril 2, 2025",681,2
2025,"Wednesday - 1:00pmApril 2, 2025",680,7
2025,"Wednesday - 9:00amApril 2, 2025",679,11
2025,"Tuesday - 11:59pmApril 1, 2025",678,12
2025,"Tuesday - 8:00pmApril 1, 2025",677,15
2025,"Tuesday - 5:00pmApril 1, 2025",676,5
2025,"Tuesday - 1:00pmApril 1, 2025",675,2
2025,"Tuesday - 9:00amApril 1, 2025",674,8
2025,"Monday - 11:59pmMarch 31, 2025",673,11
2025,"Monday - 8:00pmMarch 31, 2025",672,2
2025,"Monday - 5:00pmMarch 31, 2025",671,5
2025,"Monday - 1:00pmMarch 31, 2025",670,10
2025,"Monday - 9:00amMarch 31, 2025",669,1
2025,"Sunday - 11:59pmMarch 30, 2025",668,9
2025,"Sunday - 8:00pmMarch 30, 2025",667,5
2025,"Sunday - 5:00pmMarch 30, 2025",666,11
2025,"Sunday - 1:00pmMarch 30, 2025",665,9
2025,"Sunday - 9:00amMarch 30, 2025",664,14
2025,"Saturday - 11:59pmMarch 29, 2025",663,3
2025,"Saturday - 8:00pmMarch 29, 2025",662,14
2025,"Saturday - 5:00pmMarch 29, 2025",661,7
2025,"Saturday - 1:00pmMarch 29, 2025",660,2
2025,"Saturday - 9:00amMarch 29, 2025",659,3
2025,"Friday - 11:59pmMarch 28, 2025",658,7
2025,"Friday - 8:00pmMarch 28, 2025",657,3
2025,"Friday - 5:00pmMarch 28, 2025",656,1
2025,"Friday - 1:00pmMarch 28, 2025",655,14
2025,"Friday - 9:00amMarch 28, 2025",654,14
2025,"Thursday - 11:59pmMarch 27, 2025",653,9
2025,"Thursday - 8:00pmMarch 27, 2025",652,10
2025,"Thursday - 5:00pmMarch 27, 2025",651,8
2025,"Thursday - 1:00pmMarch 27, 2025",650,7
2025,"Thursday - 9:00amMarch 27, 2025",649,7
2025,"Wednesday - 11:59pmMarch 26, 2025",648,4
2025,"Wednesday - 8:00pmMarch 26, 2025",647,15
2025,"Wednesday - 5:00pmMarch 26, 2025",646,4
2025,"Wednesday - 1:00pmMarch 26, 2025",645,14
2025,"Wednesday - 9:00amMarch 26, 2025",644,14
2025,"Tuesday - 11:59pmMarch 25, 2025",643,13
2025,"Tuesday - 8:00pmMarch 25, 2025",642,13
2025,"Tuesday - 5:00pmMarch 25, 2025",641,3
2025,"Tuesday - 1:00pmMarch 25, 2025",640,8
2025,"Tuesday - 9:00amMarch 25, 2025",639,13
2025,"Monday - 11:59pmMarch 24, 2025",638,14
2025,"Monday - 8:00pmMarch 24, 2025",637,14
2025,"Monday - 5:00pmMarch 24, 2025",636,5
2025,"Monday - 1:00pmMarch 24, 2025",635,11
2025,"Monday - 9:00amMarch 24, 2025",634,15
2025,"Sunday - 11:59pmMarch 23, 2025",633,14
2025,"Sunday - 8:00pmMarch 23, 2025",632,15
2025,"Sunday - 5:00pmMarch 23, 2025",631,10
2025,"Sunday - 1:00pmMarch 23, 2025",630,14
2025,"Sunday - 9:00amMarch 23, 2025",629,5
2025,"Saturday - 11:59pmMarch 22, 2025",628,15
2025,"Saturday - 8:00pmMarch 22, 2025",627,10
2025,"Saturday - 5:00pmMarch 22, 2025",626,3
2025,"Saturday - 1:00pmMarch 22, 2025",625,4
2025,"Saturday - 9:00amMarch 22, 2025",624,8
2025,"Friday - 11:59pmMarch 21, 2025",623,3
2025,"Friday - 8:00pmMarch 21, 2025",622,13
2025,"Friday - 5:00pmMarch 21, 2025",621,10
2025,"Friday - 1:00pmMarch 21, 2025",620,14
2025,"Friday - 9:00amMarch 21, 2025",619,15
2025,"Thursday - 11:59pmMarch 20, 2025",618,5
2025,"Thursday - 8:00pmMarch 20, 2025",617,7
2025,"Thursday - 5:00pmMarch 20, 2025",616,2
2025,"Thursday - 1:00pmMarch 20, 2025",615,11
2025,"Thursday - 9:00amMarch 20, 2025",614,5
2025,"Wednesday - 11:59pmMarch 19, 2025",613,4
2025,"Wednesday - 8:00pmMarch 19, 2025",612,2
2025,"Wednesday - 5:00pmMarch 19, 2025",611,4
2025,"Wednesday - 1:00pmMarch 19, 2025",610,8
2025,"Wednesday - 9:00amMarch 19, 2025",609,3
2025,"Tuesday - 11:59pmMarch 18, 2025",608,13
2025,"Tuesday - 8:00pmMarch 18, 2025",607,9
2025,"Tuesday - 5:00pmMarch 18, 2025",606,4
2025,"Tuesday - 1:00pmMarch 18, 2025",605,12
2025,"Tuesday - 9:00amMarch 18, 2025",604,14
2025,"Monday - 11:59pmMarch 17, 2025",603,9
2025,"Monday - 8:00pmMarch 17, 2025",602,13
2025,"Monday - 5:00pmMarch 17, 2025",601,13
2025,"Monday - 1:00pmMarch 17, 2025",600,13
2025,"Monday - 9:00amMarch 17, 2025",599,4
2025,"Sunday - 11:59pmMarch 16, 2025",598,14
2025,"Sunday - 8:00pmMarch 16, 2025",597,12
2025,"Sunday - 5:00pmMarch 16, 2025",596,2
2025,"Sunday - 1:00pmMarch 16, 2025",595,1
2025,"Sunday - 9:00amMarch 16, 2025",594,8
2025,"Saturday - 11:59pmMarch 15, 2025",593,14
2025,"Saturday - 8:00pmMarch 15, 2025",592,11
2025,"Saturday - 5:00pmMarch 15, 2025",591,3
2025,"Saturday - 1:00pmMarch 15, 2025",590,15
2025,"Saturday - 9:00amMarch 15, 2025",589,1
2025,"Friday - 11:59pmMarch 14, 2025",588,3
2025,"Friday - 8:00pmMarch 14, 2025",587,8
2025,"Friday - 5:00pmMarch 14, 2025",586,9
2025,"Friday - 1:00pmMarch 14, 2025",585,9
2025,"Friday - 9:00amMarch 14, 2025",584,9
2025,"Thursday - 11:59pmMarch 13, 2025",583,2
2025,"Thursday - 8:00pmMarch 13, 2025",582,15
2025,"Thursday - 5:00pmMarch 13, 2025",581,4
2025,"Thursday - 1:00pmMarch 13, 2025",580,8
2025,"Thursday - 9:00amMarch 13, 2025",579,11
2025,"Wednesday - 11:59pmMarch 12, 2025",578,13
2025,"Wednesday - 8:00pmMarch 12, 2025",577,8
2025,"Wednesday - 5:00pmMarch 12, 2025",576,4
2025,"Wednesday - 1:00pmMarch 12, 2025",575,12
2025,"Wednesday - 9:00amMarch 12, 2025",574,6
2025,"Tuesday - 11:59pmMarch 11, 2025",573,14
2025,"Tuesday - 8:00pmMarch 11, 2025",572,10
2025,"Tuesday - 5:00pmMarch 11, 2025",571,6
2025,"Tuesday - 1:00pmMarch 11, 2025",570,6
2025,"Tuesday - 9:00amMarch 11, 2025",569,7
2025,"Monday - 11:59pmMarch 10, 2025",568,14
2025,"Monday - 8:00pmMarch 10, 2025",567,5
2025,"Monday - 5:00pmMarch 10, 2025",566,1
2025,"Monday - 1:00pmMarch 10, 2025",565,13
2025,"Monday - 9:00amMarch 10, 2025",564,4
2025,"Sunday - 11:59pmMarch 9, 2025",563,10
2025,"Sunday - 8:00pmMarch 9, 2025",562,1
2025,"Sunday - 5:00pmMarch 9, 2025",561,1
2025,"Sunday - 1:00pmMarch 9, 2025",560,10
2025,"Sunday - 9:00amMarch 9, 2025",559,11
2025,"Saturday - 11:59pmMarch 8, 2025",558,11
2025,"Saturday - 8:00pmMarch 8, 2025",557,6
2025,"Saturday - 5:00pmMarch 8, 2025",556,3
2025,"Saturday - 1:00pmMarch 8, 2025",555,10
2025,"Saturday - 9:00amMarch 8, 2025",554,1
2025,"Friday - 11:59pmMarch 7, 2025",553,12
2025,"Friday - 8:00pmMarch 7, 2025",552,3
2025,"Friday - 5:00pmMarch 7, 2025",551,1
2025,"Friday - 1:00pmMarch 7, 2025",550,13
2025,"Friday - 9:00amMarch 7, 2025",549,9
2025,"Thursday - 11:59pmMarch 6, 2025",548,12
2025,"Thursday - 8:00pmMarch 6, 2025",547,1
2025,"Thursday - 5:00pmMarch 6, 2025",546,9
2025,"Thursday - 1:00pmMarch 6, 2025",545,7
2025,"Thursday - 9:00amMarch 6, 2025",544,11
2025,"Wednesday - 11:59pmMarch 5, 2025",543,7
2025,"Wednesday - 8:00pmMarch 5, 2025",542,7
2025,"Wednesday - 5:00pmMarch 5, 2025",541,7
2025,"Wednesday - 1:00pmMarch 5, 2025",540,6
2025,"Wednesday - 9:00amMarch 5, 2025",539,3
2025,"Tuesday - 11:59pmMarch 4, 2025",538,4
2025,"Tuesday - 8:00pmMarch 4, 2025",537,5
2025,"Tuesday - 5:00pmMarch 4, 2025",536,3
2025,"Tuesday - 1:00pmMarch 4, 2025",535,11
2025,"Tuesday - 9:00amMarch 4, 2025",534,5
2025,"Monday - 11:59pmMarch 3, 2025",533,10
2025,"Monday - 8:00pmMarch 3, 2025",532,13
2025,"Monday - 5:00pmMarch 3, 2025",531,12
2025,"Monday - 1:00pmMarch 3, 2025",530,4
2025,"Monday - 9:00amMarch 3, 2025",529,7
2025,"Sunday - 11:59pmMarch 2, 2025",528,3
2025,"Sunday - 8:00pmMarch 2, 2025",527,4
2025,"Sunday - 5:00pmMarch 2, 2025",526,8
2025,"Sunday - 1:00pmMarch 2, 2025",525,13
2025,"Sunday - 9:00amMarch 2, 2025",524,15
2025,"Saturday - 11:59pmMarch 1, 2025",523,13
2025,"Saturday - 8:00pmMarch 1, 2025",522,9
2025,"Saturday - 5:00pmMarch 1, 2025",521,9
2025,"Saturday - 1:00pmMarch 1, 2025",520,7
2025,"Saturday - 9:00amMarch 1, 2025",519,15
2025,"Friday - 11:59pmFebruary 28, 2025",,3
2025,"Friday - 8:00pmFebruary 28, 2025",518,15
2025,"Friday - 5:00pmFebruary 28, 2025",517,4
2025,"Friday - 1:00pmFebruary 28, 2025",516,3
2025,"Friday - 9:00amFebruary 28, 2025",515,13
2025,"Thursday - 11:59pmFebruary 27, 2025",514,12
2025,"Thursday - 8:00pmFebruary 27, 2025",513,4
2025,"Thursday - 5:00pmFebruary 27, 2025",512,6
2025,"Thursday - 1:00pmFebruary 27, 2025",511,12
2025,"Thursday - 9:00amFebruary 27, 2025",510,8
2025,"Wednesday - 11:59pmFebruary 26, 2025",509,15
2025,"Wednesday - 8:00pmFebruary 26, 2025",508,9
2025,"Wednesday - 5:00pmFebruary 26, 2025",507,13
2025,"Wednesday - 1:00pmFebruary 26, 2025",506,1
2025,"Wednesday - 9:00amFebruary 26, 2025",505,3
2025,"Tuesday - 11:59pmFebruary 25, 2025",504,12
2025,"Tuesday - 8:00pmFebruary 25, 2025",503,12
2025,"Tuesday - 5:00pmFebruary 25, 2025",502,13
2025,"Tuesday - 1:00pmFebruary 25, 2025",501,3
2025,"Tuesday - 9:00amFebruary 25, 2025",500,12
2025,"Monday - 11:59pmFebruary 24, 2025",499,2
2025,"Monday - 8:00pmFebruary 24, 2025",498,9
2025,"Monday - 5:00pmFebruary 24, 2025",497,7
2025,"Monday - 1:00pmFebruary 24, 2025",496,14
2025,"Monday - 9:00amFebruary 24, 2025",495,9
2025,"Sunday - 11:59pmFebruary 23, 2025",494,15
2025,"Sunday - 8:00pmFebruary 23, 2025",493,4
2025,"Sunday - 5:00pmFebruary 23, 2025",492,8
2025,"Sunday - 1:00pmFebruary 23, 2025",491,12
2025,"Sunday - 9:00amFebruary 23, 2025",490,15
2025,"Saturday - 11:59pmFebruary 22, 2025",489,7
2025,"Saturday - 8:00pmFebruary 22, 2025",488,3
2025,"Saturday - 5:00pmFebruary 22, 2025",487,14
2025,"Saturday - 1:00pmFebruary 22, 2025",486,15
2025,"Saturday - 9:00amFebruary 22, 2025",485,7
2025,"Friday - 11:59pmFebruary 21, 2025",484,1
2025,"Friday - 8:00pmFebruary 21, 2025",483,7
2025,"Friday - 5:00pmFebruary 21, 2025",482,6
2025,"Friday - 1:00pmFebruary 21, 2025",481,9
2025,"Friday - 9:00amFebruary 21, 2025",480,8
2025,"Thursday - 11:59pmFebruary 20, 2025",479,14
2025,"Thursday - 8:00pmFebruary 20, 2025",478,2
2025,"Thursday - 5:00pmFebruary 20, 2025",477,14
2025,"Thursday - 1:00pmFebruary 20, 2025",476,13
2025,"Thursday - 9:00amFebruary 20, 2025",475,5
2025,"Wednesday - 11:59pmFebruary 19, 2025",474,3
2025,"Wednesday - 8:00pmFebruary 19, 2025",473,2
2025,"Wednesday - 5:00pmFebruary 19, 2025",472,12
2025,"Wednesday - 1:00pmFebruary 19, 2025",471,11
2025,"Wednesday - 9:00amFebruary 19, 2025",470,4
2025,"Tuesday - 11:59pmFebruary 18, 2025",469,2
2025,"Tuesday - 8:00pmFebruary 18, 2025",468,15
2025,"Tuesday - 5:00pmFebruary 18, 2025",467,15
2025,"Tuesday - 1:00pmFebruary 18, 2025",466,1
2025,"Tuesday - 9:00amFebruary 18, 2025",465,12
2025,"Monday - 11:59pmFebruary 17, 2025",464,8
2025,"Monday - 8:00pmFebruary 17, 2025",463,1
2025,"Monday - 5:00pmFebruary 17, 2025",462,9
2025,"Monday - 1:00pmFebruary 17, 2025",461,3
2025,"Monday - 9:00amFebruary 17, 2025",460,14
2025,"Sunday - 11:59pmFebruary 16, 2025",459,8
2025,"Sunday - 8:00pmFebruary 16, 2025",458,11
2025,"Sunday - 5:00pmFebruary 16, 2025",457,8
2025,"Sunday - 1:00pmFebruary 16, 2025",456,8
2025,"Sunday - 9:00amFebruary 16, 2025",,9
2025,"Saturday - 11:59pmFebruary 15, 2025",455,8
2025,"Saturday - 8:00pmFebruary 15, 2025",454,6
2025,"Saturday - 5:00pmFebruary 15, 2025",453,7
2025,"Saturday - 1:00pmFebruary 15, 2025",452,4
2025,"Saturday - 9:00amFebruary 15, 2025",451,13
2025,"Friday - 11:59pmFebruary 14, 2025",450,6
2025,"Friday - 8:00pmFebruary 14, 2025",449,4
2025,"Friday - 5:00pmFebruary 14, 2025",448,11
2025,"Friday - 1:00pmFebruary 14, 2025",447,10
2025,"Friday - 9:00amFebruary 14, 2025",446,9
2025,"Thursday - 11:59pmFebruary 13, 2025",445,4
2025,"Thursday - 8:00pmFebruary 13, 2025",444,11
2025,"Thursday - 5:00pmFebruary 13, 2025",443,6
2025,"Thursday - 1:00pmFebruary 13, 2025",442,9
2025,"Thursday - 9:00amFebruary 13, 2025",441,15
2025,"Wednesday - 11:59pmFebruary 12, 2025",440,1
2025,"Wednesday - 8:00pmFebruary 12, 2025",439,4
2025,"Wednesday - 5:00pmFebruary 12, 2025",438,3
2025,"Wednesday - 1:00pmFebruary 12, 2025",437,15
2025,"Wednesday - 9:00amFebruary 12, 2025",436,2
2025,"Tuesday - 11:59pmFebruary 11, 2025",435,9
2025,"Tuesday - 8:00pmFebruary 11, 2025",434,1
2025,"Tuesday - 5:00pmFebruary 11, 2025",433,14
2025,"Tuesday - 1:00pmFebruary 11, 2025",432,14
2025,"Tuesday - 9:00amFebruary 11, 2025",431,14
2025,"Monday - 11:59pmFebruary 10, 2025",430,8
2025,"Monday - 8:00pmFebruary 10, 2025",429,9
2025,"Monday - 5:00pmFebruary 10, 2025",428,10
2025,"Monday - 1:00pmFebruary 10, 2025",427,14
2025,"Monday - 9:00amFebruary 10, 2025",426,9
2025,"Sunday - 11:59pmFebruary 9, 2025",425,5
2025,"Sunday - 8:00pmFebruary 9, 2025",424,8
2025,"Sunday - 5:00pmFebruary 9, 2025",423,13
2025,"Sunday - 1:00pmFebruary 9, 2025",422,6
2025,"Sunday - 9:00amFebruary 9, 2025",421,14
2025,"Saturday - 11:59pmFebruary 8, 2025",420,7
2025,"Saturday - 8:00pmFebruary 8, 2025",419,9
2025,"Saturday - 5:00pmFebruary 8, 2025",418,1
2025,"Saturday - 1:00pmFebruary 8, 2025",417,11
2025,"Saturday - 9:00amFebruary 8, 2025",416,7
2025,"Friday - 11:59pmFebruary 7, 2025",415,13
2025,"Friday - 8:00pmFebruary 7, 2025",414,14
2025,"Friday - 5:00pmFebruary 7, 2025",413,2
2025,"Friday - 1:00pmFebruary 7, 2025",412,11
2025,"Friday - 9:00amFebruary 7, 2025",411,2
2025,"Thursday - 11:59pmFebruary 6, 2025",410,12
2025,"Thursday - 8:00pmFebruary 6, 2025",409,5
2025,"Thursday - 5:00pmFebruary 6, 2025",408,15
2025,"Thursday - 1:00pmFebruary 6, 2025",407,14
2025,"Thursday - 9:00amFebruary 6, 2025",406,1
2025,"Wednesday - 11:59pmFebruary 5, 2025",405,12
2025,"Wednesday - 8:00pmFebruary 5, 2025",404,15
2025,"Wednesday - 5:00pmFebruary 5, 2025",403,13
2025,"Wednesday - 1:00pmFebruary 5, 2025",402,15
2025,"Wednesday - 9:00amFebruary 5, 2025",401,7
2025,"Tuesday - 11:59pmFebruary 4, 2025",400,5
2025,"Tuesday - 8:00pmFebruary 4, 2025",399,11
2025,"Tuesday - 5:00pmFebruary 4, 2025",398,12
2025,"Tuesday - 1:00pmFebruary 4, 2025",397,4
2025,"Tuesday - 9:00amFebruary 4, 2025",396,15
2025,"Monday - 11:59pmFebruary 3, 2025",395,15
2025,"Monday - 8:00pmFebruary 3, 2025",394,6
2025,"Monday - 5:00pmFebruary 3, 2025",393,13
2025,"Monday - 1:00pmFebruary 3, 2025",392,9
2025,"Monday - 9:00amFebruary 3, 2025",391,2
2025,"Sunday - 11:59pmFebruary 2, 2025",390,4
2025,"Sunday - 8:00pmFebruary 2, 2025",389,6
2025,"Sunday - 5:00pmFebruary 2, 2025",388,6
2025,"Sunday - 1:00pmFebruary 2, 2025",387,14
2025,"Sunday - 9:00amFebruary 2, 2025",386,11
2025,"Saturday - 11:59pmFebruary 1, 2025",385,4
2025,"Saturday - 8:00pmFebruary 1, 2025",384,3
2025,"Saturday - 5:00pmFebruary 1, 2025",383,1
2025,"Saturday - 1:00pmFebruary 1, 2025",382,2
2025,"Saturday - 9:00amFebruary 1, 2025",381,11
2025,"Friday - 11:59pmJanuary 31, 2025",380,11
2025,"Friday - 8:00pmJanuary 31, 2025",379,2
2025,"Friday - 5:00pmJanuary 31, 2025",378,13
2025,"Friday - 1:00pmJanuary 31, 2025",377,9
2025,"Friday - 9:00amJanuary 31, 2025",376,11
2025,"Thursday - 11:59pmJanuary 30, 2025",375,6
2025,"Thursday - 8:00pmJanuary 30, 2025",374,2
2025,"Thursday - 5:00pmJanuary 30, 2025",373,6
2025,"Thursday - 1:00pmJanuary 30, 2025",372,9
2025,"Thursday - 9:00amJanuary 30, 2025",371,2
2025,"Wednesday - 11:59pmJanuary 29, 2025",370,10
2025,"Wednesday - 8:00pmJanuary 29, 2025",369,15
2025,"Wednesday - 5:00pmJanuary 29, 2025",368,6
2025,"Wednesday - 1:00pmJanuary 29, 2025",367,12
2025,"Wednesday - 9:00amJanuary 29, 2025",366,10
2025,"Tuesday - 11:59pmJanuary 28, 2025",365,8
2025,"Tuesday - 8:00pmJanuary 28, 2025",364,12
2025,"Tuesday - 5:00pmJanuary 28, 2025",363,12
2025,"Tuesday - 1:00pmJanuary 28, 2025",362,6
2025,"Tuesday - 9:00amJanuary 28, 2025",361,10
2025,"Monday - 11:59pmJanuary 27, 2025",360,15
2025,"Monday - 8:00pmJanuary 27, 2025",359,9
2025,"Monday - 5:00pmJanuary 27, 2025",358,7
2025,"Monday - 1:00pmJanuary 27, 2025",357,3
2025,"Monday - 9:00amJanuary 27, 2025",356,15
2025,"Sunday - 11:59pmJanuary 26, 2025",355,7
2025,"Sunday - 8:00pmJanuary 26, 2025",354,1
2025,"Sunday - 5:00pmJanuary 26, 2025",353,10
2025,"Sunday - 1:00pmJanuary 26, 2025",352,8
2025,"Sunday - 9:00amJanuary 26, 2025",351,7
2025,"Saturday - 11:59pmJanuary 25, 2025",350,13
2025,"Saturday - 8:00pmJanuary 25, 2025",349,7
2025,"Saturday - 5:00pmJanuary 25, 2025",348,10
2025,"Saturday - 1:00pmJanuary 25, 2025",347,2
2025,"Saturday - 9:00amJanuary 25, 2025",346,4
2025,"Friday - 11:59pmJanuary 24, 2025",345,13
2025,"Friday - 8:00pmJanuary 24, 2025",344,13
2025,"Friday - 5:00pmJanuary 24, 2025",343,6
2025,"Friday - 1:00pmJanuary 24, 2025",342,13
2025,"Friday - 9:00amJanuary 24, 2025",341,1
2025,"Thursday - 11:59pmJanuary 23, 2025",340,10
2025,"Thursday - 8:00pmJanuary 23, 2025",339,14
2025,"Thursday - 5:00pmJanuary 23, 2025",338,8
2025,"Thursday - 1:00pmJanuary 23, 2025",337,2
2025,"Thursday - 9:00amJanuary 23, 2025",336,2
2025,"Wednesday - 11:59pmJanuary 22, 2025",335,7
2025,"Wednesday - 8:00pmJanuary 22, 2025",334,7
2025,"Wednesday - 5:00pmJanuary 22, 2025",333,1
2025,"Wednesday - 1:00pmJanuary 22, 2025",332,4
2025,"Wednesday - 9:00amJanuary 22, 2025",331,13
2025,"Tuesday - 11:59pmJanuary 21, 2025",330,7
2025,"Tuesday - 8:00pmJanuary 21, 2025",329,2
2025,"Tuesday - 5:00pmJanuary 21, 2025",328,7
2025,"Tuesday - 1:00pmJanuary 21, 2025",327,2
2025,"Tuesday - 9:00amJanuary 21, 2025",326,2
2025,"Monday - 11:59pmJanuary 20, 2025",325,2
2025,"Monday - 8:00pmJanuary 20, 2025",324,11
2025,"Monday - 5:00pmJanuary 20, 2025",323,6
2025,"Monday - 1:00pmJanuary 20, 2025",322,3
2025,"Monday - 9:00amJanuary 20, 2025",321,2
2025,"Sunday - 11:59pmJanuary 19, 2025",320,13
2025,"Sunday - 8:00pmJanuary 19, 2025",319,6
2025,"Sunday - 5:00pmJanuary 19, 2025",318,12
2025,"Sunday - 1:00pmJanuary 19, 2025",317,14
2025,"Sunday - 9:00amJanuary 19, 2025",316,2
2025,"Saturday - 11:59pmJanuary 18, 2025",315,9
2025,"Saturday - 8:00pmJanuary 18, 2025",314,2
2025,"Saturday - 5:00pmJanuary 18, 2025",313,13
2025,"Saturday - 1:00pmJanuary 18, 2025",312,11
2025,"Saturday - 9:00amJanuary 18, 2025",311,9
2025,"Friday - 11:59pmJanuary 17, 2025",310,6
2025,"Friday - 8:00pmJanuary 17, 2025",309,2
2025,"Friday - 5:00pmJanuary 17, 2025",308,2
2025,"Friday - 1:00pmJanuary 17, 2025",307,9
2025,"Friday - 9:00amJanuary 17, 2025",306,15
2025,"Thursday - 11:59pmJanuary 16, 2025",305,3
2025,"Thursday - 8:00pmJanuary 16, 2025",304,14
2025,"Thursday - 5:00pmJanuary 16, 2025",303,14
2025,"Thursday - 1:00pmJanuary 16, 2025",302,15
2025,"Thursday - 9:00amJanuary 16, 2025",301,5
2025,"Wednesday - 11:59pmJanuary 15, 2025",300,2
2025,"Wednesday - 8:00pmJanuary 15, 2025",299,2
2025,"Wednesday - 5:00pmJanuary 15, 2025",298,10
2025,"Wednesday - 1:00pmJanuary 15, 2025",297,9
2025,"Wednesday - 9:00amJanuary 15, 2025",296,9
2025,"Tuesday - 11:59pmJanuary 14, 2025",295,8
2025,"Tuesday - 8:00pmJanuary 14, 2025",294,13
2025,"Tuesday - 5:00pmJanuary 14, 2025",293,8
2025,"Tuesday - 1:00pmJanuary 14, 2025",292,5
2025,"Tuesday - 9:00amJanuary 14, 2025",291,11
2025,"Monday - 11:59pmJanuary 13, 2025",290,12
2025,"Monday - 8:00pmJanuary 13, 2025",289,12
2025,"Monday - 5:00pmJanuary 13, 2025",288,14
2025,"Monday - 1:00pmJanuary 13, 2025",287,2
2025,"Monday - 9:00amJanuary 13, 2025",286,13
2025,"Sunday - 11:59pmJanuary 12, 2025",285,9
2025,"Sunday - 8:00pmJanuary 12, 2025",284,14
2025,"Sunday - 5:00pmJanuary 12, 2025",283,14
2025,"Sunday - 1:00pmJanuary 12, 2025",282,3
2025,"Sunday - 9:00amJanuary 12, 2025",281,14
2025,"Saturday - 11:59pmJanuary 11, 2025",280,5
2025,"Saturday - 8:00pmJanuary 11, 2025",279,13
2025,"Saturday - 5:00pmJanuary 11, 2025",278,9
2025,"Saturday - 1:00pmJanuary 11, 2025",277,12
2025,"Saturday - 9:00amJanuary 11, 2025",276,15
2025,"Friday - 11:59pmJanuary 10, 2025",275,14
2025,"Friday - 8:00pmJanuary 10, 2025",274,2
2025,"Friday - 5:00pmJanuary 10, 2025",273,1
2025,"Friday - 1:00pmJanuary 10, 2025",272,9
2025,"Friday - 9:00amJanuary 10, 2025",271,11
2025,"Thursday - 11:59pmJanuary 9, 2025",270,11
2025,"Thursday - 8:00pmJanuary 9, 2025",269,15
2025,"Thursday - 5:00pmJanuary 9, 2025",268,11
2025,"Thursday - 1:00pmJanuary 9, 2025",267,9
2025,"Thursday - 9:00amJanuary 9, 2025",266,13
2025,"Wednesday - 11:59pmJanuary 8, 2025",265,9
2025,"Wednesday - 8:00pmJanuary 8, 2025",264,9
2025,"Wednesday - 5:00pmJanuary 8, 2025",263,9
2025,"Wednesday - 1:00pmJanuary 8, 2025",262,6
2025,"Wednesday - 9:00amJanuary 8, 2025",261,9
2025,"Tuesday - 11:59pmJanuary 7, 2025",260,2
2025,"Tuesday - 8:00pmJanuary 7, 2025",259,14
2025,"Tuesday - 5:00pmJanuary 7, 2025",258,14
2025,"Tuesday - 1:00pmJanuary 7, 2025",257,11
2025,"Tuesday - 9:00amJanuary 7, 2025",256,9
2025,"Monday - 11:59pmJanuary 6, 2025",255,1
2025,"Monday - 8:00pmJanuary 6, 2025",254,4
2025,"Monday - 5:00pmJanuary 6, 2025",253,7
2025,"Monday - 1:00pmJanuary 6, 2025",252,3
2025,"Monday - 9:00amJanuary 6, 2025",251,10
2025,"Sunday - 11:59pmJanuary 5, 2025",250,12
2025,"Sunday - 8:00pmJanuary 5, 2025",249,15
2025,"Sunday - 5:00pmJanuary 5, 2025",248,3
2025,"Sunday - 1:00pmJanuary 5, 2025",247,5
2025,"Sunday - 9:00amJanuary 5, 2025",246,6
2025,"Saturday - 11:59pmJanuary 4, 2025",245,6
2025,"Saturday - 8:00pmJanuary 4, 2025",244,4
2025,"Saturday - 5:00pmJanuary 4, 2025",243,3
2025,"Saturday - 1:00pmJanuary 4, 2025",242,1
2025,"Saturday - 9:00amJanuary 4, 2025",241,4
2025,"Friday - 11:59pmJanuary 3, 2025",240,6
2025,"Friday - 8:00pmJanuary 3, 2025",239,3
2025,"Friday - 5:00pmJanuary 3, 2025",238,2
2025,"Friday - 1:00pmJanuary 3, 2025",237,11
2025,"Friday - 9:00amJanuary 3, 2025",236,10
2025,"Thursday - 11:59pmJanuary 2, 2025",235,14
2025,"Thursday - 8:00pmJanuary 2, 2025",234,14
2025,"Thursday - 5:00pmJanuary 2, 2025",233,1
2025,"Thursday - 1:00pmJanuary 2, 2025",232,11
2025,"Thursday - 9:00amJanuary 2, 2025",231,10
2025,"Wednesday - 11:59pmJanuary 1, 2025",230,11
2025,"Wednesday - 8:00pmJanuary 1, 2025",229,10
2025,"Wednesday - 5:00pmJanuary 1, 2025",228,13
2025,"Wednesday - 1:00pmJanuary 1, 2025",227,3
2025,"Wednesday - 9:00amJanuary 1, 2025",226,10
